sourceUnitId,sourceLesson,type,sourceOrder,textHash,required
dat.1,learner.dat.kuda,subheading,1,fnv1a32:14598f9a,YES
dat.2,learner.dat.kuda,paragraph,2,fnv1a32:bc9d8c57,YES
dat.3,learner.dat.kuda,example,3,fnv1a32:01d18061,YES
dat.4,learner.dat.kuda,paragraph,4,fnv1a32:e281fbb0,YES
dat.5,learner.dat.kuda,warning,5,fnv1a32:bc031b71,YES
dat.6,learner.dat.kuda,subheading,6,fnv1a32:2dbe73bf,YES
dat.7,learner.dat.kuda,table,7,fnv1a32:c79893ea,YES
dat.8,learner.dat.kuda,paragraph,8,fnv1a32:f52ae539,YES
dat.9,learner.dat.kuda,subheading,9,fnv1a32:301a61bd,YES
dat.10,learner.dat.kuda,paragraph,10,fnv1a32:5c2a4ae2,YES
dat.11,learner.dat.kuda,paragraph,11,fnv1a32:4a179d6f,YES
dat.12,learner.dat.kuda,paragraph,12,fnv1a32:ece72417,YES
dat.13,learner.dat.kuda,subheading,13,fnv1a32:fb7f738c,YES
dat.14,learner.dat.kuda,paragraph,14,fnv1a32:6cc29533,YES
dat.15,learner.dat.kuda,link,15,fnv1a32:120a53e0,YES
dat.16,learner.dat.kuda,subheading,16,fnv1a32:3f7f1262,YES
dat.17,learner.dat.kuda,paragraph,17,fnv1a32:784ae29d,YES
dat.17b,learner.dat.kuda,warning,18,fnv1a32:2515fbce,YES
dat.17c,learner.dat.kuda,paragraph,19,fnv1a32:ea4f81f9,YES
dat.18,learner.dat.kuda,example,20,fnv1a32:4e23bc04,YES
dat.19,learner.dat.kuda,example,21,fnv1a32:de68ab0c,YES
dat.20,learner.dat.kuda,example,22,fnv1a32:e4b96a47,YES
dat.20b,learner.dat.kuda,example,23,fnv1a32:6b97be53,YES
dat.20c,learner.dat.kuda,example,24,fnv1a32:e6276c44,YES
dat.20d,learner.dat.kuda,example,25,fnv1a32:207aec6c,YES
dat.20e,learner.dat.kuda,example,26,fnv1a32:98e2b8e4,YES
dat.20f,learner.dat.kuda,example,27,fnv1a32:241b72be,YES
dat.20g,learner.dat.kuda,example,28,fnv1a32:691338c4,YES
dat.20h,learner.dat.kuda,example,29,fnv1a32:e1f5a464,YES
dat.20i,learner.dat.kuda,example,30,fnv1a32:cf90dc57,YES
dat.20j,learner.dat.kuda,example,31,fnv1a32:a3ca0774,YES
dat.20k,learner.dat.kuda,example,32,fnv1a32:6b29944b,YES
dat.20l,learner.dat.kuda,example,33,fnv1a32:48cf4526,YES
dat.21,learner.dat.kuda,warning,34,fnv1a32:238fa820,YES
dat.22,learner.dat.kuda,subheading,35,fnv1a32:2b5b917b,YES
dat.23,learner.dat.kuda,paragraph,36,fnv1a32:29889829,YES
dat.24,learner.dat.kuda,example,37,fnv1a32:a6d60474,YES
dat.25,learner.dat.kuda,example,38,fnv1a32:95abdc97,YES
dat.26,learner.dat.kuda,paragraph,39,fnv1a32:dad404ca,YES
dat.27,learner.dat.kuda,paragraph,40,fnv1a32:f736fda2,YES
dat.28,learner.dat.kuda,table,41,fnv1a32:598a5f7d,YES
dat.29,learner.dat.kuda,paragraph,42,fnv1a32:88ce54ae,YES
dat.30,learner.dat.kuda,paragraph,43,fnv1a32:4c09bc1e,YES
dat.31,learner.dat.kuda,subheading,44,fnv1a32:8e664d2c,YES
dat.32,learner.dat.kuda,paragraph,45,fnv1a32:17480861,YES
dat.33,learner.dat.kuda,try,46,fnv1a32:1c141c6e,YES
dat.34,learner.dat.kuda,try,47,fnv1a32:4dcf115e,YES
dat.35,learner.dat.kuda,paragraph,48,fnv1a32:16a054e6,YES
dat.36,learner.dat.kuda,subheading,49,fnv1a32:c22e4d55,YES
dat.37,learner.dat.kuda,paragraph,50,fnv1a32:f8688f41,YES
dat.38,learner.dat.kuda,example,51,fnv1a32:802c256b,YES
dat.39,learner.dat.kuda,paragraph,52,fnv1a32:f9c43865,YES
dat.40,learner.dat.kuda,paragraph,53,fnv1a32:eb238ba0,YES
dat.41,learner.dat.kuda,subheading,54,fnv1a32:71d6b4c0,YES
dat.42,learner.dat.kuda,table,55,fnv1a32:96b6254d,YES
dat.43,learner.dat.kuda,example,56,fnv1a32:745f7a59,YES
dat.44,learner.dat.kuda,example,57,fnv1a32:a361cc77,YES
dat.45,learner.dat.kuda,warning,58,fnv1a32:845f9729,YES
dat.46,learner.dat.kuda,subheading,59,fnv1a32:60f316c3,YES
dat.47,learner.dat.kuda,paragraph,60,fnv1a32:46d56163,YES
dat.48,learner.dat.kuda,example,61,fnv1a32:80772c2a,YES
dat.49,learner.dat.kuda,warning,62,fnv1a32:5b7ab756,YES
dat.50,learner.dat.kuda,warning,63,fnv1a32:fdb55a00,YES
dat.51,learner.dat.kuda,term,64,fnv1a32:ec364eef,YES
dat.53,learner.dat.kuda,paragraph,65,fnv1a32:f621900c,YES
dat.52,learner.dat.kuda,paragraph,66,fnv1a32:a1c42f7c,YES
dat.54,learner.dat.kuda,paragraph,67,fnv1a32:1a571c60,YES
dat.55,learner.dat.kuda,paragraph,68,fnv1a32:874a94cb,YES
poss.1,learner.poss.owner,subheading,1,fnv1a32:bb695c1c,YES
poss.2,learner.poss.owner,paragraph,2,fnv1a32:18a79195,YES
poss.3,learner.poss.owner,example,3,fnv1a32:004dd292,YES
poss.4,learner.poss.owner,paragraph,4,fnv1a32:fce79a22,YES
poss.5,learner.poss.owner,paragraph,5,fnv1a32:bc8e6148,YES
poss.6,learner.poss.owner,subheading,6,fnv1a32:c68e4f9b,YES
poss.7,learner.poss.owner,example,7,fnv1a32:42cea0f8,YES
poss.8,learner.poss.owner,example,8,fnv1a32:996f23ea,YES
poss.9,learner.poss.owner,paragraph,9,fnv1a32:9e04348f,YES
poss.10,learner.poss.owner,example,10,fnv1a32:04701dfb,YES
poss.11,learner.poss.owner,example,11,fnv1a32:89db9ecd,YES
poss.11b,learner.poss.owner,example,12,fnv1a32:9f71c4bd,YES
poss.11c,learner.poss.owner,example,13,fnv1a32:70508825,YES
poss.11d,learner.poss.owner,example,14,fnv1a32:030bb8cb,YES
poss.11e,learner.poss.owner,example,15,fnv1a32:b5dee696,YES
poss.11f,learner.poss.owner,example,16,fnv1a32:67bb4f04,YES
poss.11g,learner.poss.owner,example,17,fnv1a32:b5ed6b28,YES
poss.11h,learner.poss.owner,example,18,fnv1a32:32b949c0,YES
poss.11i,learner.poss.owner,example,19,fnv1a32:4c72060c,YES
poss.11j,learner.poss.owner,example,20,fnv1a32:274018a8,YES
poss.11k,learner.poss.owner,example,21,fnv1a32:be2b6350,YES
poss.11l,learner.poss.owner,example,22,fnv1a32:5caf3812,YES
poss.11m,learner.poss.owner,example,23,fnv1a32:8d338840,YES
poss.11n,learner.poss.owner,example,24,fnv1a32:a984bae5,YES
poss.11o,learner.poss.owner,example,25,fnv1a32:88dcc21d,YES
poss.11p,learner.poss.owner,example,26,fnv1a32:7d456281,YES
poss.11q,learner.poss.owner,example,27,fnv1a32:7808b85e,YES
poss.11r,learner.poss.owner,example,28,fnv1a32:d5d2c5c5,YES
poss.12,learner.poss.owner,paragraph,29,fnv1a32:3aa415b3,YES
poss.13,learner.poss.owner,warning,30,fnv1a32:00cf0bb1,YES
poss.14,learner.poss.owner,subheading,31,fnv1a32:39d3c054,YES
poss.15,learner.poss.owner,example,32,fnv1a32:06955c13,YES
poss.16,learner.poss.owner,example,33,fnv1a32:79e0c768,YES
poss.17,learner.poss.owner,paragraph,34,fnv1a32:9d220bb4,YES
poss.18,learner.poss.owner,list,35,fnv1a32:99934cd8,YES
poss.19,learner.poss.owner,paragraph,36,fnv1a32:8da0981f,YES
poss.20,learner.poss.owner,subheading,37,fnv1a32:5324d1ac,YES
poss.21,learner.poss.owner,example,38,fnv1a32:f72e40df,YES
poss.22,learner.poss.owner,example,39,fnv1a32:1750b446,YES
poss.23,learner.poss.owner,example,40,fnv1a32:c8996c07,YES
poss.24,learner.poss.owner,paragraph,41,fnv1a32:cf7f92b6,YES
poss.25,learner.poss.owner,warning,42,fnv1a32:ca0c61c0,YES
poss.26,learner.poss.owner,subheading,43,fnv1a32:f62a78a5,YES
poss.27,learner.poss.owner,paragraph,44,fnv1a32:8b1bd933,YES
poss.28,learner.poss.owner,table,45,fnv1a32:f28c6523,YES
poss.28b,learner.poss.owner,paragraph,46,fnv1a32:ea038a34,YES
poss.29,learner.poss.owner,example,47,fnv1a32:8564622a,YES
poss.30,learner.poss.owner,example,48,fnv1a32:3777f5b5,YES
poss.31,learner.poss.owner,example,49,fnv1a32:d86bb02f,YES
poss.32,learner.poss.owner,example,50,fnv1a32:12c9c1c7,YES
poss.33,learner.poss.owner,example,51,fnv1a32:20910da5,YES
poss.34,learner.poss.owner,example,52,fnv1a32:80b216a3,YES
poss.35,learner.poss.owner,example,53,fnv1a32:57ab63c6,YES
poss.36,learner.poss.owner,example,54,fnv1a32:4420830e,YES
poss.37,learner.poss.owner,warning,55,fnv1a32:fa43e48e,YES
poss.38,learner.poss.owner,subheading,56,fnv1a32:2a65053e,YES
poss.39,learner.poss.owner,paragraph,57,fnv1a32:e3ed885a,YES
poss.40,learner.poss.owner,example,58,fnv1a32:a80dc88b,YES
poss.41,learner.poss.owner,paragraph,59,fnv1a32:7ddc6cb3,YES
poss.42,learner.poss.owner,example,60,fnv1a32:8c3b6581,YES
poss.43,learner.poss.owner,example,61,fnv1a32:5195a5e9,YES
poss.44,learner.poss.owner,paragraph,62,fnv1a32:c5d73437,YES
poss.45,learner.poss.owner,example,63,fnv1a32:4114bd82,YES
poss.46,learner.poss.owner,example,64,fnv1a32:f9e900b7,YES
poss.47,learner.poss.owner,example,65,fnv1a32:656a9979,YES
poss.48,learner.poss.owner,example,66,fnv1a32:a8994d8c,YES
poss.49,learner.poss.owner,warning,67,fnv1a32:e3247e02,YES
poss.50,learner.poss.owner,subheading,68,fnv1a32:cbf68589,YES
poss.51,learner.poss.owner,try,69,fnv1a32:1e30e927,YES
poss.52,learner.poss.owner,paragraph,70,fnv1a32:a9b0007b,YES
poss.53,learner.poss.owner,paragraph,71,fnv1a32:b0a90e77,YES
poss.54,learner.poss.owner,paragraph,72,fnv1a32:ee72f051,YES
poss.55,learner.poss.owner,subheading,73,fnv1a32:a8953eec,YES
poss.56,learner.poss.owner,paragraph,74,fnv1a32:2e774457,YES
poss.57,learner.poss.owner,example,75,fnv1a32:8494603f,YES
poss.58,learner.poss.owner,example,76,fnv1a32:fde70c2d,YES
poss.59,learner.poss.owner,paragraph,77,fnv1a32:0feb963a,YES
poss.60,learner.poss.owner,table,78,fnv1a32:9215d3d8,YES
poss.61,learner.poss.owner,example,79,fnv1a32:df675ee1,YES
poss.62,learner.poss.owner,example,80,fnv1a32:c1c31b4d,YES
poss.63,learner.poss.owner,example,81,fnv1a32:b4e016de,YES
poss.64,learner.poss.owner,warning,82,fnv1a32:39fa1ae3,YES
poss.65,learner.poss.owner,paragraph,83,fnv1a32:1729ba57,YES
poss.66,learner.poss.owner,example,84,fnv1a32:798f5061,YES
poss.67,learner.poss.owner,example,85,fnv1a32:239697a3,YES
poss.68,learner.poss.owner,example,86,fnv1a32:1312c862,YES
poss.69,learner.poss.owner,example,87,fnv1a32:c5905f22,YES
poss.70,learner.poss.owner,subheading,88,fnv1a32:7084c353,YES
poss.71,learner.poss.owner,example,89,fnv1a32:b91b96ec,YES
poss.72,learner.poss.owner,example,90,fnv1a32:8d430765,YES
poss.73,learner.poss.owner,example,91,fnv1a32:c505fdaf,YES
poss.74,learner.poss.owner,paragraph,92,fnv1a32:9e3ecd4f,YES
poss.75,learner.poss.owner,term,93,fnv1a32:9b392be6,YES
poss.76,learner.poss.owner,paragraph,94,fnv1a32:b57c6544,YES
poss.77,learner.poss.owner,subheading,95,fnv1a32:6710070a,YES
poss.79,learner.poss.owner,paragraph,96,fnv1a32:a80b14dc,YES
poss.80,learner.poss.owner,paragraph,97,fnv1a32:61642670,YES
poss.78,learner.poss.owner,list,98,fnv1a32:2de89cdc,YES
loc.1,learner.loc.where,subheading,1,fnv1a32:e4bd8cd7,YES
loc.2,learner.loc.where,paragraph,2,fnv1a32:31173386,YES
loc.3,learner.loc.where,example,3,fnv1a32:d998dea0,YES
loc.4,learner.loc.where,paragraph,4,fnv1a32:9344415d,YES
loc.5,learner.loc.where,warning,5,fnv1a32:eef43faa,YES
loc.6,learner.loc.where,subheading,6,fnv1a32:bf2c1aaf,YES
loc.7,learner.loc.where,table,7,fnv1a32:e625b661,YES
loc.7b,learner.loc.where,example,8,fnv1a32:f503fec7,YES
loc.7c,learner.loc.where,example,9,fnv1a32:f3721ee9,YES
loc.7d,learner.loc.where,example,10,fnv1a32:b3e4b81d,YES
loc.7e,learner.loc.where,example,11,fnv1a32:93c81b9d,YES
loc.7f,learner.loc.where,example,12,fnv1a32:043af8dc,YES
loc.7g,learner.loc.where,example,13,fnv1a32:9658c1f8,YES
loc.7h,learner.loc.where,example,14,fnv1a32:c9afe7dc,YES
loc.7i,learner.loc.where,example,15,fnv1a32:bd037ab3,YES
loc.7j,learner.loc.where,example,16,fnv1a32:bf7aae13,YES
loc.8,learner.loc.where,table,17,fnv1a32:d1776a1c,YES
loc.9,learner.loc.where,example,18,fnv1a32:29297dcc,YES
loc.10,learner.loc.where,example,19,fnv1a32:1805e2ef,YES
loc.11,learner.loc.where,subheading,20,fnv1a32:c05381d2,YES
loc.12,learner.loc.where,paragraph,21,fnv1a32:29315e1d,YES
loc.13,learner.loc.where,paragraph,22,fnv1a32:d0d741db,YES
loc.14,learner.loc.where,paragraph,23,fnv1a32:2e2efe26,YES
loc.15,learner.loc.where,table,24,fnv1a32:ba384e6c,YES
loc.16,learner.loc.where,paragraph,25,fnv1a32:1eace73b,YES
loc.17,learner.loc.where,warning,26,fnv1a32:d4f7bf0d,YES
loc.18,learner.loc.where,subheading,27,fnv1a32:54c5c0d6,YES
loc.19,learner.loc.where,paragraph,28,fnv1a32:a3aae2e1,YES
loc.20,learner.loc.where,try,29,fnv1a32:353a200b,YES
loc.21,learner.loc.where,subheading,30,fnv1a32:735db267,YES
loc.22,learner.loc.where,example,31,fnv1a32:0a59e9f8,YES
loc.23,learner.loc.where,paragraph,32,fnv1a32:a4c65d7c,YES
loc.24,learner.loc.where,link,33,fnv1a32:5760c309,YES
loc.25,learner.loc.where,warning,34,fnv1a32:98373cd7,YES
loc.26,learner.loc.where,term,35,fnv1a32:7e57db2d,YES
loc.27,learner.loc.where,paragraph,36,fnv1a32:230548be,YES
loc.28,learner.loc.where,paragraph,37,fnv1a32:24244c1e,YES
pl.1,learner.pl.several,subheading,1,fnv1a32:e77203a3,YES
pl.2,learner.pl.several,paragraph,2,fnv1a32:1cc15e12,YES
pl.3,learner.pl.several,example,3,fnv1a32:0583b140,YES
pl.4,learner.pl.several,example,4,fnv1a32:4223525f,YES
pl.5,learner.pl.several,example,5,fnv1a32:21338aba,YES
pl.5b,learner.pl.several,example,6,fnv1a32:153b0a61,YES
pl.5c,learner.pl.several,example,7,fnv1a32:71c53130,YES
pl.5d,learner.pl.several,example,8,fnv1a32:5f3343b8,YES
pl.5e,learner.pl.several,example,9,fnv1a32:855fb181,YES
pl.5f,learner.pl.several,example,10,fnv1a32:54405689,YES
pl.5g,learner.pl.several,example,11,fnv1a32:d99a7e62,YES
pl.5h,learner.pl.several,example,12,fnv1a32:3fd4b269,YES
pl.5i,learner.pl.several,example,13,fnv1a32:93a9689f,YES
pl.5j,learner.pl.several,example,14,fnv1a32:e411603f,YES
pl.5k,learner.pl.several,example,15,fnv1a32:bfc9be04,YES
pl.5l,learner.pl.several,example,16,fnv1a32:652bd15c,YES
pl.6,learner.pl.several,paragraph,17,fnv1a32:976c0249,YES
pl.7,learner.pl.several,subheading,18,fnv1a32:50823458,YES
pl.8,learner.pl.several,paragraph,19,fnv1a32:213e59a0,YES
pl.9,learner.pl.several,paragraph,20,fnv1a32:fb4507c9,YES
pl.10,learner.pl.several,table,21,fnv1a32:880c0587,YES
pl.11,learner.pl.several,warning,22,fnv1a32:1d63f170,YES
pl.11b,learner.pl.several,paragraph,23,fnv1a32:5e0b2763,YES
pl.11c,learner.pl.several,paragraph,24,fnv1a32:551ed424,YES
pl.12,learner.pl.several,paragraph,25,fnv1a32:bc38f0f5,YES
pl.13,learner.pl.several,subheading,26,fnv1a32:8c978c0b,YES
pl.14,learner.pl.several,paragraph,27,fnv1a32:64f26f42,YES
pl.15,learner.pl.several,example,28,fnv1a32:b814c150,YES
pl.16,learner.pl.several,example,29,fnv1a32:048c6dd1,YES
pl.17,learner.pl.several,try,30,fnv1a32:84181551,YES
pl.18,learner.pl.several,term,31,fnv1a32:0183f51b,YES
pl.20,learner.pl.several,paragraph,32,fnv1a32:7797fcab,YES
pl.21,learner.pl.several,paragraph,33,fnv1a32:cc3c4a6f,YES
pl.19,learner.pl.several,list,34,fnv1a32:4199789d,YES
nas.1,learner.nasal.senses,subheading,1,fnv1a32:7f7c0536,YES
nas.2,learner.nasal.senses,paragraph,2,fnv1a32:a5917406,YES
nas.3,learner.nasal.senses,table,3,fnv1a32:31cc2b0d,YES
nas.4,learner.nasal.senses,warning,4,fnv1a32:530fbc98,YES
nas.4b,learner.nasal.senses,example,5,fnv1a32:a85cdf17,YES
nas.4c,learner.nasal.senses,example,6,fnv1a32:ce6a3672,YES
nas.4d,learner.nasal.senses,example,7,fnv1a32:e92f0258,YES
nas.4e,learner.nasal.senses,example,8,fnv1a32:6792b852,YES
nas.4f,learner.nasal.senses,example,9,fnv1a32:1f344820,YES
nas.4g,learner.nasal.senses,example,10,fnv1a32:099a65cc,YES
nas.4h,learner.nasal.senses,example,11,fnv1a32:bc426942,YES
nas.4i,learner.nasal.senses,example,12,fnv1a32:c9c49f37,YES
nas.4j,learner.nasal.senses,example,13,fnv1a32:5944efbd,YES
nas.4k,learner.nasal.senses,example,14,fnv1a32:fdebec57,YES
nas.4l,learner.nasal.senses,example,15,fnv1a32:17c39f1e,YES
nas.4m,learner.nasal.senses,example,16,fnv1a32:17401e87,YES
nas.4n,learner.nasal.senses,example,17,fnv1a32:9f01f369,YES
nas.4o,learner.nasal.senses,example,18,fnv1a32:92c68538,YES
nas.5,learner.nasal.senses,subheading,19,fnv1a32:70ab2d92,YES
nas.6,learner.nasal.senses,paragraph,20,fnv1a32:e5ab805d,YES
nas.7,learner.nasal.senses,example,21,fnv1a32:ffa00b76,YES
nas.8,learner.nasal.senses,example,22,fnv1a32:b49385ef,YES
nas.9,learner.nasal.senses,example,23,fnv1a32:b998fc3e,YES
nas.10,learner.nasal.senses,paragraph,24,fnv1a32:74b26515,YES
nas.10b,learner.nasal.senses,ordered-list,25,fnv1a32:0a99a429,YES
nas.11,learner.nasal.senses,example,26,fnv1a32:b67df1e7,YES
nas.12,learner.nasal.senses,example,27,fnv1a32:1f0f4f32,YES
nas.13,learner.nasal.senses,example,28,fnv1a32:35d43d4d,YES
nas.14,learner.nasal.senses,subheading,29,fnv1a32:a3f5d80f,YES
nas.15,learner.nasal.senses,paragraph,30,fnv1a32:675e4d4a,YES
nas.16,learner.nasal.senses,example,31,fnv1a32:b453b501,YES
nas.17,learner.nasal.senses,example,32,fnv1a32:5e4fa271,YES
nas.18,learner.nasal.senses,example,33,fnv1a32:69f813f3,YES
nas.19,learner.nasal.senses,example,34,fnv1a32:d838d484,YES
nas.20,learner.nasal.senses,warning,35,fnv1a32:3b1d7248,YES
nas.21,learner.nasal.senses,subheading,36,fnv1a32:8691437e,YES
nas.22,learner.nasal.senses,paragraph,37,fnv1a32:f13f5a75,YES
nas.23,learner.nasal.senses,example,38,fnv1a32:90c8da20,YES
nas.24,learner.nasal.senses,example,39,fnv1a32:c645b31c,YES
nas.25,learner.nasal.senses,example,40,fnv1a32:e009b64a,YES
nas.26,learner.nasal.senses,example,41,fnv1a32:2960d0f3,YES
nas.27,learner.nasal.senses,paragraph,42,fnv1a32:eee322b7,YES
nas.28,learner.nasal.senses,subheading,43,fnv1a32:ae61af6a,YES
nas.29,learner.nasal.senses,paragraph,44,fnv1a32:a26a8e1a,YES
nas.30,learner.nasal.senses,example,45,fnv1a32:3e28333b,YES
nas.31,learner.nasal.senses,subheading,46,fnv1a32:a1c5b7f0,YES
nas.32,learner.nasal.senses,paragraph,47,fnv1a32:16769606,YES
nas.33,learner.nasal.senses,example,48,fnv1a32:ec4f0754,YES
nas.34,learner.nasal.senses,example,49,fnv1a32:ba593612,YES
nas.35,learner.nasal.senses,example,50,fnv1a32:5c25acfd,YES
nas.36,learner.nasal.senses,example,51,fnv1a32:82445301,YES
nas.37,learner.nasal.senses,warning,52,fnv1a32:b81eeb83,YES
nas.37b,learner.nasal.senses,paragraph,53,fnv1a32:bcd13943,YES
nas.37c,learner.nasal.senses,paragraph,54,fnv1a32:5a376ca6,YES
nas.37d,learner.nasal.senses,paragraph,55,fnv1a32:09836f45,YES
nas.47,learner.nasal.senses,subheading,56,fnv1a32:e4762e4a,YES
nas.48,learner.nasal.senses,paragraph,57,fnv1a32:a6f491b7,YES
nas.49,learner.nasal.senses,table,58,fnv1a32:b99adb02,YES
nas.38,learner.nasal.senses,subheading,59,fnv1a32:4a5a724b,YES
nas.39,learner.nasal.senses,paragraph,60,fnv1a32:957f708f,YES
nas.40,learner.nasal.senses,example,61,fnv1a32:79fc36ba,YES
nas.41,learner.nasal.senses,example,62,fnv1a32:ca97dc64,YES
nas.42,learner.nasal.senses,example,63,fnv1a32:3b2a762a,YES
nas.43,learner.nasal.senses,try,64,fnv1a32:9bf3ee20,YES
nas.44,learner.nasal.senses,try,65,fnv1a32:b406586d,YES
nas.45,learner.nasal.senses,term,66,fnv1a32:034ffc4a,YES
nas.50,learner.nasal.senses,paragraph,67,fnv1a32:de0f1c0a,YES
nas.51,learner.nasal.senses,paragraph,68,fnv1a32:84f170fd,YES
nas.52,learner.nasal.senses,paragraph,69,fnv1a32:5364da34,YES
nas.53,learner.nasal.senses,paragraph,70,fnv1a32:dbd7e3b7,YES
nas.54,learner.nasal.senses,paragraph,71,fnv1a32:056a0101,YES
nas.55,learner.nasal.senses,paragraph,72,fnv1a32:91a30ad5,YES
nas.46,learner.nasal.senses,list,73,fnv1a32:bbc38f74,YES
per.1,learner.person.roles,subheading,1,fnv1a32:65adeabe,YES
per.2,learner.person.roles,paragraph,2,fnv1a32:b7f8949f,YES
per.3,learner.person.roles,example,3,fnv1a32:5387f48f,YES
per.4,learner.person.roles,example,4,fnv1a32:dec5efac,YES
per.5,learner.person.roles,example,5,fnv1a32:302ab082,YES
per.6,learner.person.roles,warning,6,fnv1a32:15009bf7,YES
per.7,learner.person.roles,example,7,fnv1a32:6c690cdc,YES
per.8,learner.person.roles,example,8,fnv1a32:07327886,YES
per.9,learner.person.roles,subheading,9,fnv1a32:0259c6d1,YES
per.10,learner.person.roles,paragraph,10,fnv1a32:b17bed55,YES
per.11,learner.person.roles,example,11,fnv1a32:94ebcc57,YES
per.12,learner.person.roles,example,12,fnv1a32:a342a9b7,YES
per.13,learner.person.roles,example,13,fnv1a32:c58eee3c,YES
per.14,learner.person.roles,example,14,fnv1a32:c7b476db,YES
per.15,learner.person.roles,example,15,fnv1a32:c34bf829,YES
per.16,learner.person.roles,example,16,fnv1a32:561c137d,YES
per.17,learner.person.roles,example,17,fnv1a32:8e3a564d,YES
per.18,learner.person.roles,example,18,fnv1a32:03109ba1,YES
per.19,learner.person.roles,example,19,fnv1a32:a0feb856,YES
per.20,learner.person.roles,subheading,20,fnv1a32:349745be,YES
per.21,learner.person.roles,paragraph,21,fnv1a32:2cf1f66c,YES
per.22,learner.person.roles,example,22,fnv1a32:a74f5368,YES
per.23,learner.person.roles,example,23,fnv1a32:3312658c,YES
per.24,learner.person.roles,example,24,fnv1a32:45709abe,YES
per.25,learner.person.roles,example,25,fnv1a32:a6be2d62,YES
per.26,learner.person.roles,example,26,fnv1a32:8375b718,YES
per.27,learner.person.roles,example,27,fnv1a32:21018e45,YES
per.28,learner.person.roles,example,28,fnv1a32:decec593,YES
per.29,learner.person.roles,subheading,29,fnv1a32:eb64f730,YES
per.30,learner.person.roles,paragraph,30,fnv1a32:b9112e8a,YES
per.31,learner.person.roles,example,31,fnv1a32:1452303a,YES
per.32,learner.person.roles,example,32,fnv1a32:93c73560,YES
per.33,learner.person.roles,example,33,fnv1a32:edd17213,YES
per.34,learner.person.roles,example,34,fnv1a32:868ec850,YES
per.35,learner.person.roles,example,35,fnv1a32:bfcf5477,YES
per.36,learner.person.roles,example,36,fnv1a32:89a808e1,YES
per.37,learner.person.roles,example,37,fnv1a32:4dcf7b78,YES
per.38,learner.person.roles,example,38,fnv1a32:e29f4ee1,YES
per.39,learner.person.roles,example,39,fnv1a32:60090fac,YES
per.40,learner.person.roles,example,40,fnv1a32:575723fb,YES
per.41,learner.person.roles,example,41,fnv1a32:d9b209d9,YES
per.42,learner.person.roles,example,42,fnv1a32:221321d4,YES
per.43,learner.person.roles,subheading,43,fnv1a32:0800f57f,YES
per.44,learner.person.roles,paragraph,44,fnv1a32:d0834348,YES
per.45,learner.person.roles,example,45,fnv1a32:fc970288,YES
per.46,learner.person.roles,example,46,fnv1a32:6a689a4d,YES
per.47,learner.person.roles,example,47,fnv1a32:9ffeb7dc,YES
per.48,learner.person.roles,example,48,fnv1a32:6c979728,YES
per.49,learner.person.roles,example,49,fnv1a32:7c7e6719,YES
per.50,learner.person.roles,example,50,fnv1a32:5c3a7585,YES
per.51,learner.person.roles,example,51,fnv1a32:8d1b32a1,YES
per.52,learner.person.roles,example,52,fnv1a32:16a480d3,YES
per.53,learner.person.roles,example,53,fnv1a32:0bc140d6,YES
per.54,learner.person.roles,example,54,fnv1a32:733a9ae7,YES
per.55,learner.person.roles,warning,55,fnv1a32:08b432cd,YES
per.55b,learner.person.roles,paragraph,56,fnv1a32:4c3a1cba,YES
per.55c,learner.person.roles,paragraph,57,fnv1a32:2f2ef6fd,YES
per.55d,learner.person.roles,example,58,fnv1a32:23c61577,YES
per.56,learner.person.roles,subheading,59,fnv1a32:39c25d30,YES
per.57,learner.person.roles,paragraph,60,fnv1a32:0a7fef3f,YES
per.58,learner.person.roles,example,61,fnv1a32:de8bb0b7,YES
per.59,learner.person.roles,try,62,fnv1a32:294e89fc,YES
per.60,learner.person.roles,try,63,fnv1a32:069d36ab,YES
per.63,learner.person.roles,paragraph,64,fnv1a32:4a0253db,YES
per.64,learner.person.roles,paragraph,65,fnv1a32:1e0a726b,YES
per.61,learner.person.roles,list,66,fnv1a32:c68f42e8,YES
per.62,learner.person.roles,term,67,fnv1a32:cb9beb0e,YES
ch.1,learner.chains.steps,subheading,1,fnv1a32:e11df6bc,YES
ch.2,learner.chains.steps,paragraph,2,fnv1a32:e7b50e3a,YES
ch.3,learner.chains.steps,example,3,fnv1a32:de775fb6,YES
ch.4,learner.chains.steps,example,4,fnv1a32:a6ac3cfd,YES
ch.5,learner.chains.steps,example,5,fnv1a32:ed18ca9b,YES
ch.6,learner.chains.steps,paragraph,6,fnv1a32:bb8bc9f2,YES
ch.7,learner.chains.steps,subheading,7,fnv1a32:dc8a00d0,YES
ch.8,learner.chains.steps,example,8,fnv1a32:5db7499c,YES
ch.9,learner.chains.steps,example,9,fnv1a32:5392de65,YES
ch.10,learner.chains.steps,example,10,fnv1a32:bd1daee1,YES
ch.11,learner.chains.steps,example,11,fnv1a32:26127d37,YES
ch.12,learner.chains.steps,example,12,fnv1a32:f97efca6,YES
ch.13,learner.chains.steps,example,13,fnv1a32:bc3a068b,YES
ch.14,learner.chains.steps,example,14,fnv1a32:d0897380,YES
ch.15,learner.chains.steps,example,15,fnv1a32:3fd2cb2f,YES
ch.16,learner.chains.steps,subheading,16,fnv1a32:7aee3af4,YES
ch.17,learner.chains.steps,paragraph,17,fnv1a32:8c91bd1a,YES
ch.18,learner.chains.steps,example,18,fnv1a32:fa4bfb9f,YES
ch.19,learner.chains.steps,example,19,fnv1a32:70a2bebf,YES
ch.20,learner.chains.steps,example,20,fnv1a32:85eee129,YES
ch.21,learner.chains.steps,example,21,fnv1a32:ebf59f1a,YES
ch.22,learner.chains.steps,example,22,fnv1a32:d86e0c55,YES
ch.23,learner.chains.steps,subheading,23,fnv1a32:d2f39533,YES
ch.24,learner.chains.steps,example,24,fnv1a32:2bfb326d,YES
ch.25,learner.chains.steps,example,25,fnv1a32:69e69273,YES
ch.26,learner.chains.steps,example,26,fnv1a32:57affee5,YES
ch.27,learner.chains.steps,example,27,fnv1a32:fd83f283,YES
ch.28,learner.chains.steps,example,28,fnv1a32:0d44b1d7,YES
ch.29,learner.chains.steps,example,29,fnv1a32:12f839ff,YES
ch.30,learner.chains.steps,example,30,fnv1a32:f27e696a,YES
ch.31,learner.chains.steps,example,31,fnv1a32:ae57e50e,YES
ch.32,learner.chains.steps,example,32,fnv1a32:c404500a,YES
ch.33,learner.chains.steps,example,33,fnv1a32:16efecdd,YES
ch.34,learner.chains.steps,example,34,fnv1a32:21a22564,YES
ch.35,learner.chains.steps,example,35,fnv1a32:e1d84bd8,YES
ch.36,learner.chains.steps,example,36,fnv1a32:cecbb639,YES
ch.37,learner.chains.steps,example,37,fnv1a32:28edf558,YES
ch.38,learner.chains.steps,example,38,fnv1a32:399f1c00,YES
ch.39,learner.chains.steps,example,39,fnv1a32:68a7d812,YES
ch.40,learner.chains.steps,example,40,fnv1a32:4aeb97f9,YES
ch.41,learner.chains.steps,try,41,fnv1a32:31e71154,YES
ch.42,learner.chains.steps,warning,42,fnv1a32:0a3d817b,YES
ch.44,learner.chains.steps,paragraph,43,fnv1a32:10737cbc,YES
ch.45,learner.chains.steps,paragraph,44,fnv1a32:5e420575,YES
ch.46,learner.chains.steps,paragraph,45,fnv1a32:d4620bce,YES
ch.43,learner.chains.steps,list,46,fnv1a32:900c09c7,YES
vb.1,learner.verbs.steps,subheading,1,fnv1a32:45caef6d,YES
vb.2,learner.verbs.steps,paragraph,2,fnv1a32:771f8209,YES
vb.3,learner.verbs.steps,example,3,fnv1a32:886bc2fd,YES
vb.4,learner.verbs.steps,example,4,fnv1a32:1d84ca3b,YES
vb.5,learner.verbs.steps,example,5,fnv1a32:12e6c8ae,YES
vb.6,learner.verbs.steps,example,6,fnv1a32:c5bcda8a,YES
vb.7,learner.verbs.steps,subheading,7,fnv1a32:36aba06d,YES
vb.8,learner.verbs.steps,paragraph,8,fnv1a32:c98afeac,YES
vb.9,learner.verbs.steps,example,9,fnv1a32:4f8b82a9,YES
vb.10,learner.verbs.steps,example,10,fnv1a32:e44b96eb,YES
vb.11,learner.verbs.steps,example,11,fnv1a32:e906d708,YES
vb.12,learner.verbs.steps,example,12,fnv1a32:64d39934,YES
vb.13,learner.verbs.steps,example,13,fnv1a32:0008dfa3,YES
vb.14,learner.verbs.steps,example,14,fnv1a32:10c5b653,YES
vb.15,learner.verbs.steps,example,15,fnv1a32:ef618056,YES
vb.16,learner.verbs.steps,example,16,fnv1a32:96cc4a47,YES
vb.17,learner.verbs.steps,subheading,17,fnv1a32:1c5acf96,YES
vb.18,learner.verbs.steps,paragraph,18,fnv1a32:a25fb226,YES
vb.19,learner.verbs.steps,example,19,fnv1a32:d352f129,YES
vb.20,learner.verbs.steps,example,20,fnv1a32:58128816,YES
vb.21,learner.verbs.steps,example,21,fnv1a32:890f0cc9,YES
vb.22,learner.verbs.steps,example,22,fnv1a32:d8105019,YES
vb.23,learner.verbs.steps,example,23,fnv1a32:8784777a,YES
vb.24,learner.verbs.steps,example,24,fnv1a32:b205fff4,YES
vb.25,learner.verbs.steps,example,25,fnv1a32:71bea410,YES
vb.26,learner.verbs.steps,example,26,fnv1a32:19baebe9,YES
vb.27,learner.verbs.steps,subheading,27,fnv1a32:bfcbd93f,YES
vb.28,learner.verbs.steps,paragraph,28,fnv1a32:f6946f33,YES
vb.29,learner.verbs.steps,example,29,fnv1a32:ac9d5c9f,YES
vb.30,learner.verbs.steps,example,30,fnv1a32:42459418,YES
vb.31,learner.verbs.steps,example,31,fnv1a32:ca96bd51,YES
vb.32,learner.verbs.steps,example,32,fnv1a32:0f71ad4d,YES
vb.33,learner.verbs.steps,example,33,fnv1a32:8f486fdf,YES
vb.34,learner.verbs.steps,example,34,fnv1a32:5bda3826,YES
vb.35,learner.verbs.steps,example,35,fnv1a32:626cd5f8,YES
vb.36,learner.verbs.steps,example,36,fnv1a32:f5ae85e5,YES
vb.37,learner.verbs.steps,example,37,fnv1a32:edb3238d,YES
vb.38,learner.verbs.steps,example,38,fnv1a32:3fef0094,YES
vb.39,learner.verbs.steps,subheading,39,fnv1a32:58e8a9bf,YES
vb.40,learner.verbs.steps,paragraph,40,fnv1a32:98f90df5,YES
vb.41,learner.verbs.steps,example,41,fnv1a32:d72e859d,YES
vb.42,learner.verbs.steps,example,42,fnv1a32:7697d8f8,YES
vb.43,learner.verbs.steps,example,43,fnv1a32:3e3d6741,YES
vb.44,learner.verbs.steps,example,44,fnv1a32:a832ef1f,YES
vb.45,learner.verbs.steps,example,45,fnv1a32:5613e3d5,YES
vb.46,learner.verbs.steps,example,46,fnv1a32:35e07efb,YES
vb.47,learner.verbs.steps,example,47,fnv1a32:26fe5866,YES
vb.48,learner.verbs.steps,example,48,fnv1a32:1a252b86,YES
vb.49,learner.verbs.steps,subheading,49,fnv1a32:2b7658d8,YES
vb.50,learner.verbs.steps,paragraph,50,fnv1a32:7fe1df38,YES
vb.51,learner.verbs.steps,example,51,fnv1a32:75f225f0,YES
vb.52,learner.verbs.steps,example,52,fnv1a32:ac56cd64,YES
vb.53,learner.verbs.steps,example,53,fnv1a32:86995b0f,YES
vb.54,learner.verbs.steps,example,54,fnv1a32:e353590d,YES
vb.55,learner.verbs.steps,example,55,fnv1a32:3c64010a,YES
vb.56,learner.verbs.steps,example,56,fnv1a32:865558cb,YES
vb.57,learner.verbs.steps,warning,57,fnv1a32:5057c9de,YES
vb.58,learner.verbs.steps,subheading,58,fnv1a32:3265ecaf,YES
vb.59,learner.verbs.steps,paragraph,59,fnv1a32:f6662a4c,YES
vb.60,learner.verbs.steps,example,60,fnv1a32:c22e102f,YES
vb.61,learner.verbs.steps,example,61,fnv1a32:d6fefbd2,YES
vb.62,learner.verbs.steps,example,62,fnv1a32:ef6c2fae,YES
vb.63,learner.verbs.steps,example,63,fnv1a32:d5f9de63,YES
vb.64,learner.verbs.steps,example,64,fnv1a32:8dcd8cf7,YES
vb.65,learner.verbs.steps,example,65,fnv1a32:9d7711ef,YES
vb.66,learner.verbs.steps,example,66,fnv1a32:f23f7aa4,YES
vb.67,learner.verbs.steps,subheading,67,fnv1a32:98a7df43,YES
vb.68,learner.verbs.steps,paragraph,68,fnv1a32:dba78c10,YES
vb.69,learner.verbs.steps,example,69,fnv1a32:00d8c422,YES
vb.70,learner.verbs.steps,example,70,fnv1a32:f2558859,YES
vb.71,learner.verbs.steps,example,71,fnv1a32:db9bc298,YES
vb.72,learner.verbs.steps,subheading,72,fnv1a32:d1675040,YES
vb.73,learner.verbs.steps,paragraph,73,fnv1a32:19e6a7bf,YES
vb.74,learner.verbs.steps,example,74,fnv1a32:33955c23,YES
vb.75,learner.verbs.steps,example,75,fnv1a32:00d990bf,YES
vb.76,learner.verbs.steps,example,76,fnv1a32:5f3654e4,YES
vb.77,learner.verbs.steps,example,77,fnv1a32:e378b3ff,YES
vb.78,learner.verbs.steps,example,78,fnv1a32:cd5cb179,YES
vb.79,learner.verbs.steps,example,79,fnv1a32:e0879a67,YES
vb.80,learner.verbs.steps,try,80,fnv1a32:5a0abb78,YES
vb.81,learner.verbs.steps,warning,81,fnv1a32:ca4ee503,YES
vb.83,learner.verbs.steps,paragraph,82,fnv1a32:c978407a,YES
vb.84,learner.verbs.steps,paragraph,83,fnv1a32:539f817b,YES
vb.85,learner.verbs.steps,paragraph,84,fnv1a32:d4a08fd5,YES
vb.82,learner.verbs.steps,list,85,fnv1a32:333c649e,YES
