lessonId,lessonNumber,part,lessonTitle,sourceOrderInLesson,sourceUnitId,sourceType,screenId,screenOrder,mappingStatus
nav2.1.1,1.1,1,Основа и окончание: город → города,1,pl.1,subheading,nav2.1.1.src.pl.1,1,PASS
nav2.1.1,1.1,1,Основа и окончание: город → города,2,pl.2,paragraph,nav2.1.1.src.pl.1,1,PASS
nav2.1.1,1.1,1,Основа и окончание: город → города,3,pl.3,example,nav2.1.1.src.pl.1,1,PASS
nav2.1.1,1.1,1,Основа и окончание: город → города,4,pl.4,example,nav2.1.1.src.pl.1,1,PASS
nav2.1.1,1.1,1,Основа и окончание: город → города,5,pl.5,example,nav2.1.1.src.pl.5,2,PASS
nav2.1.1,1.1,1,Основа и окончание: город → города,6,pl.5b,example,nav2.1.1.src.pl.5,2,PASS
nav2.1.1,1.1,1,Основа и окончание: город → города,7,pl.5c,example,nav2.1.1.src.pl.5,2,PASS
nav2.1.1,1.1,1,Основа и окончание: город → города,8,pl.5d,example,nav2.1.1.src.pl.5,2,PASS
nav2.1.1,1.1,1,Основа и окончание: город → города,9,pl.5e,example,nav2.1.1.src.pl.5e,3,PASS
nav2.1.1,1.1,1,Основа и окончание: город → города,10,pl.5f,example,nav2.1.1.src.pl.5e,3,PASS
nav2.1.1,1.1,1,Основа и окончание: город → города,11,pl.5g,example,nav2.1.1.src.pl.5e,3,PASS
nav2.1.1,1.1,1,Основа и окончание: город → города,12,pl.5h,example,nav2.1.1.src.pl.5e,3,PASS
nav2.1.1,1.1,1,Основа и окончание: город → города,13,pl.5i,example,nav2.1.1.src.pl.5i,4,PASS
nav2.1.1,1.1,1,Основа и окончание: город → города,14,pl.5j,example,nav2.1.1.src.pl.5i,4,PASS
nav2.1.1,1.1,1,Основа и окончание: город → города,15,pl.5k,example,nav2.1.1.src.pl.5i,4,PASS
nav2.1.1,1.1,1,Основа и окончание: город → города,16,pl.5l,example,nav2.1.1.src.pl.5i,4,PASS
nav2.1.1,1.1,1,Основа и окончание: город → города,17,pl.6,paragraph,nav2.1.1.src.pl.6,5,PASS
nav2.1.2,1.2,1,Гласные в окончаниях: почему есть разные варианты,1,dat.13,subheading,nav2.1.2.src.dat.13,1,PASS
nav2.1.2,1.2,1,Гласные в окончаниях: почему есть разные варианты,2,dat.14,paragraph,nav2.1.2.src.dat.13,1,PASS
nav2.1.2,1.2,1,Гласные в окончаниях: почему есть разные варианты,3,dat.15,link,nav2.1.2.src.dat.13,1,PASS
nav2.1.2,1.2,1,Гласные в окончаниях: почему есть разные варианты,4,dat.16,subheading,nav2.1.2.src.dat.16,2,PASS
nav2.1.2,1.2,1,Гласные в окончаниях: почему есть разные варианты,5,dat.17,paragraph,nav2.1.2.src.dat.16,2,PASS
nav2.1.2,1.2,1,Гласные в окончаниях: почему есть разные варианты,6,dat.17b,warning,nav2.1.2.src.dat.16,2,PASS
nav2.1.2,1.2,1,Гласные в окончаниях: почему есть разные варианты,7,dat.17c,paragraph,nav2.1.2.src.dat.16,2,PASS
nav2.1.2,1.2,1,Гласные в окончаниях: почему есть разные варианты,8,dat.18,example,nav2.1.2.src.dat.18,3,PASS
nav2.1.2,1.2,1,Гласные в окончаниях: почему есть разные варианты,9,dat.19,example,nav2.1.2.src.dat.18,3,PASS
nav2.1.2,1.2,1,Гласные в окончаниях: почему есть разные варианты,10,dat.20,example,nav2.1.2.src.dat.18,3,PASS
nav2.1.2,1.2,1,Гласные в окончаниях: почему есть разные варианты,11,dat.20b,example,nav2.1.2.src.dat.18,3,PASS
nav2.1.2,1.2,1,Гласные в окончаниях: почему есть разные варианты,12,dat.20c,example,nav2.1.2.src.dat.20c,4,PASS
nav2.1.2,1.2,1,Гласные в окончаниях: почему есть разные варианты,13,dat.20d,example,nav2.1.2.src.dat.20c,4,PASS
nav2.1.2,1.2,1,Гласные в окончаниях: почему есть разные варианты,14,dat.20e,example,nav2.1.2.src.dat.20c,4,PASS
nav2.1.2,1.2,1,Гласные в окончаниях: почему есть разные варианты,15,dat.20f,example,nav2.1.2.src.dat.20c,4,PASS
nav2.1.2,1.2,1,Гласные в окончаниях: почему есть разные варианты,16,dat.20g,example,nav2.1.2.src.dat.20g,5,PASS
nav2.1.2,1.2,1,Гласные в окончаниях: почему есть разные варианты,17,dat.20h,example,nav2.1.2.src.dat.20g,5,PASS
nav2.1.2,1.2,1,Гласные в окончаниях: почему есть разные варианты,18,dat.20i,example,nav2.1.2.src.dat.20g,5,PASS
nav2.1.2,1.2,1,Гласные в окончаниях: почему есть разные варианты,19,dat.20j,example,nav2.1.2.src.dat.20g,5,PASS
nav2.1.2,1.2,1,Гласные в окончаниях: почему есть разные варианты,20,dat.20k,example,nav2.1.2.src.dat.20k,6,PASS
nav2.1.2,1.2,1,Гласные в окончаниях: почему есть разные варианты,21,dat.20l,example,nav2.1.2.src.dat.20k,6,PASS
nav2.1.2,1.2,1,Гласные в окончаниях: почему есть разные варианты,22,dat.21,warning,nav2.1.2.src.dat.20k,6,PASS
nav2.2.1,2.1,2,Множественное число: одна книга → несколько книг,1,pl.1,subheading,nav2.2.1.src.pl.1,1,PASS
nav2.2.1,2.1,2,Множественное число: одна книга → несколько книг,2,pl.2,paragraph,nav2.2.1.src.pl.1,1,PASS
nav2.2.1,2.1,2,Множественное число: одна книга → несколько книг,3,pl.3,example,nav2.2.1.src.pl.1,1,PASS
nav2.2.1,2.1,2,Множественное число: одна книга → несколько книг,4,pl.4,example,nav2.2.1.src.pl.1,1,PASS
nav2.2.1,2.1,2,Множественное число: одна книга → несколько книг,5,pl.5,example,nav2.2.1.src.pl.5,2,PASS
nav2.2.1,2.1,2,Множественное число: одна книга → несколько книг,6,pl.5b,example,nav2.2.1.src.pl.5,2,PASS
nav2.2.1,2.1,2,Множественное число: одна книга → несколько книг,7,pl.5c,example,nav2.2.1.src.pl.5,2,PASS
nav2.2.1,2.1,2,Множественное число: одна книга → несколько книг,8,pl.5d,example,nav2.2.1.src.pl.5,2,PASS
nav2.2.1,2.1,2,Множественное число: одна книга → несколько книг,9,pl.5e,example,nav2.2.1.src.pl.5e,3,PASS
nav2.2.1,2.1,2,Множественное число: одна книга → несколько книг,10,pl.5f,example,nav2.2.1.src.pl.5e,3,PASS
nav2.2.1,2.1,2,Множественное число: одна книга → несколько книг,11,pl.5g,example,nav2.2.1.src.pl.5e,3,PASS
nav2.2.1,2.1,2,Множественное число: одна книга → несколько книг,12,pl.5h,example,nav2.2.1.src.pl.5e,3,PASS
nav2.2.1,2.1,2,Множественное число: одна книга → несколько книг,13,pl.5i,example,nav2.2.1.src.pl.5i,4,PASS
nav2.2.1,2.1,2,Множественное число: одна книга → несколько книг,14,pl.5j,example,nav2.2.1.src.pl.5i,4,PASS
nav2.2.1,2.1,2,Множественное число: одна книга → несколько книг,15,pl.5k,example,nav2.2.1.src.pl.5i,4,PASS
nav2.2.1,2.1,2,Множественное число: одна книга → несколько книг,16,pl.5l,example,nav2.2.1.src.pl.5i,4,PASS
nav2.2.1,2.1,2,Множественное число: одна книга → несколько книг,17,pl.6,paragraph,nav2.2.1.src.pl.6,5,PASS
nav2.2.2,2.2,2,Окончания -лар и -лер: как выбрать,1,pl.7,subheading,nav2.2.2.src.pl.7,1,PASS
nav2.2.2,2.2,2,Окончания -лар и -лер: как выбрать,2,pl.8,paragraph,nav2.2.2.src.pl.7,1,PASS
nav2.2.2,2.2,2,Окончания -лар и -лер: как выбрать,3,pl.9,paragraph,nav2.2.2.src.pl.7,1,PASS
nav2.2.2,2.2,2,Окончания -лар и -лер: как выбрать,4,pl.10,table,nav2.2.2.src.pl.10,2,PASS
nav2.2.2,2.2,2,Окончания -лар и -лер: как выбрать,5,pl.11,warning,nav2.2.2.src.pl.11,3,PASS
nav2.2.2,2.2,2,Окончания -лар и -лер: как выбрать,6,pl.11b,paragraph,nav2.2.2.src.pl.11,3,PASS
nav2.2.2,2.2,2,Окончания -лар и -лер: как выбрать,7,pl.11c,paragraph,nav2.2.2.src.pl.11,3,PASS
nav2.2.2,2.2,2,Окончания -лар и -лер: как выбрать,8,pl.12,paragraph,nav2.2.2.src.pl.11,3,PASS
nav2.2.3,2.3,2,"Окончания -дар, -дер, -тар, -тер: как выбрать",1,pl.7,subheading,nav2.2.3.src.pl.7,1,PASS
nav2.2.3,2.3,2,"Окончания -дар, -дер, -тар, -тер: как выбрать",2,pl.8,paragraph,nav2.2.3.src.pl.7,1,PASS
nav2.2.3,2.3,2,"Окончания -дар, -дер, -тар, -тер: как выбрать",3,pl.9,paragraph,nav2.2.3.src.pl.7,1,PASS
nav2.2.3,2.3,2,"Окончания -дар, -дер, -тар, -тер: как выбрать",4,pl.10,table,nav2.2.3.src.pl.10,2,PASS
nav2.2.3,2.3,2,"Окончания -дар, -дер, -тар, -тер: как выбрать",5,pl.11,warning,nav2.2.3.src.pl.11,3,PASS
nav2.2.3,2.3,2,"Окончания -дар, -дер, -тар, -тер: как выбрать",6,pl.11b,paragraph,nav2.2.3.src.pl.11,3,PASS
nav2.2.3,2.3,2,"Окончания -дар, -дер, -тар, -тер: как выбрать",7,pl.11c,paragraph,nav2.2.3.src.pl.11,3,PASS
nav2.2.3,2.3,2,"Окончания -дар, -дер, -тар, -тер: как выбрать",8,pl.12,paragraph,nav2.2.3.src.pl.11,3,PASS
nav2.2.4,2.4,2,Множественное число: выбираем форму в примере,1,pl.13,subheading,nav2.2.4.src.pl.13,1,PASS
nav2.2.4,2.4,2,Множественное число: выбираем форму в примере,2,pl.14,paragraph,nav2.2.4.src.pl.13,1,PASS
nav2.2.4,2.4,2,Множественное число: выбираем форму в примере,3,pl.15,example,nav2.2.4.src.pl.13,1,PASS
nav2.2.4,2.4,2,Множественное число: выбираем форму в примере,4,pl.16,example,nav2.2.4.src.pl.13,1,PASS
nav2.2.4,2.4,2,Множественное число: выбираем форму в примере,5,pl.17,try,nav2.2.4.src.pl.17,2,PASS
nav2.2.4,2.4,2,Множественное число: выбираем форму в примере,6,pl.18,term,nav2.2.4.src.pl.18,3,PASS
nav2.2.4,2.4,2,Множественное число: выбираем форму в примере,7,pl.20,paragraph,nav2.2.4.src.pl.18,3,PASS
nav2.2.4,2.4,2,Множественное число: выбираем форму в примере,8,pl.21,paragraph,nav2.2.4.src.pl.18,3,PASS
nav2.2.4,2.4,2,Множественное число: выбираем форму в примере,9,pl.19,list,nav2.2.4.src.pl.19,4,PASS
nav2.3.1,3.1,3,Моя книга: окончание принадлежности,1,poss.1,subheading,nav2.3.1.src.poss.1,1,PASS
nav2.3.1,3.1,3,Моя книга: окончание принадлежности,2,poss.2,paragraph,nav2.3.1.src.poss.1,1,PASS
nav2.3.1,3.1,3,Моя книга: окончание принадлежности,3,poss.3,example,nav2.3.1.src.poss.1,1,PASS
nav2.3.1,3.1,3,Моя книга: окончание принадлежности,4,poss.4,paragraph,nav2.3.1.src.poss.1,1,PASS
nav2.3.1,3.1,3,Моя книга: окончание принадлежности,5,poss.5,paragraph,nav2.3.1.src.poss.5,2,PASS
nav2.3.1,3.1,3,Моя книга: окончание принадлежности,6,poss.6,subheading,nav2.3.1.src.poss.6,3,PASS
nav2.3.1,3.1,3,Моя книга: окончание принадлежности,7,poss.7,example,nav2.3.1.src.poss.6,3,PASS
nav2.3.1,3.1,3,Моя книга: окончание принадлежности,8,poss.8,example,nav2.3.1.src.poss.6,3,PASS
nav2.3.1,3.1,3,Моя книга: окончание принадлежности,9,poss.9,paragraph,nav2.3.1.src.poss.6,3,PASS
nav2.3.1,3.1,3,Моя книга: окончание принадлежности,10,poss.10,example,nav2.3.1.src.poss.10,4,PASS
nav2.3.1,3.1,3,Моя книга: окончание принадлежности,11,poss.11,example,nav2.3.1.src.poss.10,4,PASS
nav2.3.1,3.1,3,Моя книга: окончание принадлежности,12,poss.11b,example,nav2.3.1.src.poss.10,4,PASS
nav2.3.1,3.1,3,Моя книга: окончание принадлежности,13,poss.11c,example,nav2.3.1.src.poss.10,4,PASS
nav2.3.1,3.1,3,Моя книга: окончание принадлежности,14,poss.11d,example,nav2.3.1.src.poss.11d,5,PASS
nav2.3.1,3.1,3,Моя книга: окончание принадлежности,15,poss.11e,example,nav2.3.1.src.poss.11d,5,PASS
nav2.3.1,3.1,3,Моя книга: окончание принадлежности,16,poss.11f,example,nav2.3.1.src.poss.11d,5,PASS
nav2.3.1,3.1,3,Моя книга: окончание принадлежности,17,poss.11g,example,nav2.3.1.src.poss.11d,5,PASS
nav2.3.1,3.1,3,Моя книга: окончание принадлежности,18,poss.11h,example,nav2.3.1.src.poss.11h,6,PASS
nav2.3.1,3.1,3,Моя книга: окончание принадлежности,19,poss.11i,example,nav2.3.1.src.poss.11h,6,PASS
nav2.3.1,3.1,3,Моя книга: окончание принадлежности,20,poss.11j,example,nav2.3.1.src.poss.11h,6,PASS
nav2.3.1,3.1,3,Моя книга: окончание принадлежности,21,poss.11k,example,nav2.3.1.src.poss.11h,6,PASS
nav2.3.1,3.1,3,Моя книга: окончание принадлежности,22,poss.11l,example,nav2.3.1.src.poss.11l,7,PASS
nav2.3.1,3.1,3,Моя книга: окончание принадлежности,23,poss.11m,example,nav2.3.1.src.poss.11l,7,PASS
nav2.3.1,3.1,3,Моя книга: окончание принадлежности,24,poss.11n,example,nav2.3.1.src.poss.11l,7,PASS
nav2.3.1,3.1,3,Моя книга: окончание принадлежности,25,poss.11o,example,nav2.3.1.src.poss.11l,7,PASS
nav2.3.1,3.1,3,Моя книга: окончание принадлежности,26,poss.11p,example,nav2.3.1.src.poss.11p,8,PASS
nav2.3.1,3.1,3,Моя книга: окончание принадлежности,27,poss.11q,example,nav2.3.1.src.poss.11p,8,PASS
nav2.3.1,3.1,3,Моя книга: окончание принадлежности,28,poss.11r,example,nav2.3.1.src.poss.11p,8,PASS
nav2.3.1,3.1,3,Моя книга: окончание принадлежности,29,poss.12,paragraph,nav2.3.1.src.poss.11p,8,PASS
nav2.3.1,3.1,3,Моя книга: окончание принадлежности,30,poss.13,warning,nav2.3.1.src.poss.13,9,PASS
nav2.3.1,3.1,3,Моя книга: окончание принадлежности,31,poss.20,subheading,nav2.3.1.src.poss.20,10,PASS
nav2.3.1,3.1,3,Моя книга: окончание принадлежности,32,poss.21,example,nav2.3.1.src.poss.20,10,PASS
nav2.3.1,3.1,3,Моя книга: окончание принадлежности,33,poss.22,example,nav2.3.1.src.poss.20,10,PASS
nav2.3.1,3.1,3,Моя книга: окончание принадлежности,34,poss.23,example,nav2.3.1.src.poss.20,10,PASS
nav2.3.1,3.1,3,Моя книга: окончание принадлежности,35,poss.24,paragraph,nav2.3.1.src.poss.24,11,PASS
nav2.3.1,3.1,3,Моя книга: окончание принадлежности,36,poss.25,warning,nav2.3.1.src.poss.24,11,PASS
nav2.3.2,3.2,3,Твоя книга: обращаемся на «ты»,1,poss.6,subheading,nav2.3.2.src.poss.6,1,PASS
nav2.3.2,3.2,3,Твоя книга: обращаемся на «ты»,2,poss.7,example,nav2.3.2.src.poss.6,1,PASS
nav2.3.2,3.2,3,Твоя книга: обращаемся на «ты»,3,poss.8,example,nav2.3.2.src.poss.6,1,PASS
nav2.3.2,3.2,3,Твоя книга: обращаемся на «ты»,4,poss.9,paragraph,nav2.3.2.src.poss.6,1,PASS
nav2.3.2,3.2,3,Твоя книга: обращаемся на «ты»,5,poss.10,example,nav2.3.2.src.poss.10,2,PASS
nav2.3.2,3.2,3,Твоя книга: обращаемся на «ты»,6,poss.11,example,nav2.3.2.src.poss.10,2,PASS
nav2.3.2,3.2,3,Твоя книга: обращаемся на «ты»,7,poss.11b,example,nav2.3.2.src.poss.10,2,PASS
nav2.3.2,3.2,3,Твоя книга: обращаемся на «ты»,8,poss.11c,example,nav2.3.2.src.poss.10,2,PASS
nav2.3.2,3.2,3,Твоя книга: обращаемся на «ты»,9,poss.11d,example,nav2.3.2.src.poss.11d,3,PASS
nav2.3.2,3.2,3,Твоя книга: обращаемся на «ты»,10,poss.11e,example,nav2.3.2.src.poss.11d,3,PASS
nav2.3.2,3.2,3,Твоя книга: обращаемся на «ты»,11,poss.11f,example,nav2.3.2.src.poss.11d,3,PASS
nav2.3.2,3.2,3,Твоя книга: обращаемся на «ты»,12,poss.11g,example,nav2.3.2.src.poss.11d,3,PASS
nav2.3.2,3.2,3,Твоя книга: обращаемся на «ты»,13,poss.11h,example,nav2.3.2.src.poss.11h,4,PASS
nav2.3.2,3.2,3,Твоя книга: обращаемся на «ты»,14,poss.11i,example,nav2.3.2.src.poss.11h,4,PASS
nav2.3.2,3.2,3,Твоя книга: обращаемся на «ты»,15,poss.11j,example,nav2.3.2.src.poss.11h,4,PASS
nav2.3.2,3.2,3,Твоя книга: обращаемся на «ты»,16,poss.11k,example,nav2.3.2.src.poss.11h,4,PASS
nav2.3.2,3.2,3,Твоя книга: обращаемся на «ты»,17,poss.11l,example,nav2.3.2.src.poss.11l,5,PASS
nav2.3.2,3.2,3,Твоя книга: обращаемся на «ты»,18,poss.11m,example,nav2.3.2.src.poss.11l,5,PASS
nav2.3.2,3.2,3,Твоя книга: обращаемся на «ты»,19,poss.11n,example,nav2.3.2.src.poss.11l,5,PASS
nav2.3.2,3.2,3,Твоя книга: обращаемся на «ты»,20,poss.11o,example,nav2.3.2.src.poss.11l,5,PASS
nav2.3.2,3.2,3,Твоя книга: обращаемся на «ты»,21,poss.11p,example,nav2.3.2.src.poss.11p,6,PASS
nav2.3.2,3.2,3,Твоя книга: обращаемся на «ты»,22,poss.11q,example,nav2.3.2.src.poss.11p,6,PASS
nav2.3.2,3.2,3,Твоя книга: обращаемся на «ты»,23,poss.11r,example,nav2.3.2.src.poss.11p,6,PASS
nav2.3.2,3.2,3,Твоя книга: обращаемся на «ты»,24,poss.12,paragraph,nav2.3.2.src.poss.11p,6,PASS
nav2.3.2,3.2,3,Твоя книга: обращаемся на «ты»,25,poss.13,warning,nav2.3.2.src.poss.13,7,PASS
nav2.3.3,3.3,3,Его или её книга: одно окончание,1,poss.14,subheading,nav2.3.3.src.poss.14,1,PASS
nav2.3.3,3.3,3,Его или её книга: одно окончание,2,poss.15,example,nav2.3.3.src.poss.14,1,PASS
nav2.3.3,3.3,3,Его или её книга: одно окончание,3,poss.16,example,nav2.3.3.src.poss.14,1,PASS
nav2.3.3,3.3,3,Его или её книга: одно окончание,4,poss.17,paragraph,nav2.3.3.src.poss.14,1,PASS
nav2.3.3,3.3,3,Его или её книга: одно окончание,5,poss.18,list,nav2.3.3.src.poss.18,2,PASS
nav2.3.3,3.3,3,Его или её книга: одно окончание,6,poss.19,paragraph,nav2.3.3.src.poss.19,3,PASS
nav2.3.4,3.4,3,Наша книга: несколько владельцев,1,poss.26,subheading,nav2.3.4.src.poss.26,1,PASS
nav2.3.4,3.4,3,Наша книга: несколько владельцев,2,poss.27,paragraph,nav2.3.4.src.poss.26,1,PASS
nav2.3.4,3.4,3,Наша книга: несколько владельцев,3,poss.28,table,nav2.3.4.src.poss.28,2,PASS
nav2.3.4,3.4,3,Наша книга: несколько владельцев,4,poss.28b,paragraph,nav2.3.4.src.poss.28b,3,PASS
nav2.3.4,3.4,3,Наша книга: несколько владельцев,5,poss.29,example,nav2.3.4.src.poss.28b,3,PASS
nav2.3.4,3.4,3,Наша книга: несколько владельцев,6,poss.30,example,nav2.3.4.src.poss.28b,3,PASS
nav2.3.4,3.4,3,Наша книга: несколько владельцев,7,poss.31,example,nav2.3.4.src.poss.28b,3,PASS
nav2.3.4,3.4,3,Наша книга: несколько владельцев,8,poss.32,example,nav2.3.4.src.poss.32,4,PASS
nav2.3.4,3.4,3,Наша книга: несколько владельцев,9,poss.33,example,nav2.3.4.src.poss.32,4,PASS
nav2.3.4,3.4,3,Наша книга: несколько владельцев,10,poss.34,example,nav2.3.4.src.poss.32,4,PASS
nav2.3.4,3.4,3,Наша книга: несколько владельцев,11,poss.35,example,nav2.3.4.src.poss.32,4,PASS
nav2.3.4,3.4,3,Наша книга: несколько владельцев,12,poss.36,example,nav2.3.4.src.poss.36,5,PASS
nav2.3.4,3.4,3,Наша книга: несколько владельцев,13,poss.37,warning,nav2.3.4.src.poss.36,5,PASS
nav2.3.5,3.5,3,Ваша книга: вежливое обращение,1,poss.26,subheading,nav2.3.5.src.poss.26,1,PASS
nav2.3.5,3.5,3,Ваша книга: вежливое обращение,2,poss.27,paragraph,nav2.3.5.src.poss.26,1,PASS
nav2.3.5,3.5,3,Ваша книга: вежливое обращение,3,poss.28,table,nav2.3.5.src.poss.28,2,PASS
nav2.3.5,3.5,3,Ваша книга: вежливое обращение,4,poss.28b,paragraph,nav2.3.5.src.poss.28b,3,PASS
nav2.3.5,3.5,3,Ваша книга: вежливое обращение,5,poss.29,example,nav2.3.5.src.poss.28b,3,PASS
nav2.3.5,3.5,3,Ваша книга: вежливое обращение,6,poss.30,example,nav2.3.5.src.poss.28b,3,PASS
nav2.3.5,3.5,3,Ваша книга: вежливое обращение,7,poss.31,example,nav2.3.5.src.poss.28b,3,PASS
nav2.3.5,3.5,3,Ваша книга: вежливое обращение,8,poss.32,example,nav2.3.5.src.poss.32,4,PASS
nav2.3.5,3.5,3,Ваша книга: вежливое обращение,9,poss.33,example,nav2.3.5.src.poss.32,4,PASS
nav2.3.5,3.5,3,Ваша книга: вежливое обращение,10,poss.34,example,nav2.3.5.src.poss.32,4,PASS
nav2.3.5,3.5,3,Ваша книга: вежливое обращение,11,poss.35,example,nav2.3.5.src.poss.32,4,PASS
nav2.3.5,3.5,3,Ваша книга: вежливое обращение,12,poss.36,example,nav2.3.5.src.poss.36,5,PASS
nav2.3.5,3.5,3,Ваша книга: вежливое обращение,13,poss.37,warning,nav2.3.5.src.poss.36,5,PASS
nav2.3.6,3.6,3,Книга ребёнка: родительный падеж и принадлежность,1,nas.5,subheading,nav2.3.6.src.nas.5,1,PASS
nav2.3.6,3.6,3,Книга ребёнка: родительный падеж и принадлежность,2,nas.6,paragraph,nav2.3.6.src.nas.5,1,PASS
nav2.3.6,3.6,3,Книга ребёнка: родительный падеж и принадлежность,3,nas.7,example,nav2.3.6.src.nas.5,1,PASS
nav2.3.6,3.6,3,Книга ребёнка: родительный падеж и принадлежность,4,nas.8,example,nav2.3.6.src.nas.5,1,PASS
nav2.3.6,3.6,3,Книга ребёнка: родительный падеж и принадлежность,5,nas.9,example,nav2.3.6.src.nas.9,2,PASS
nav2.3.6,3.6,3,Книга ребёнка: родительный падеж и принадлежность,6,nas.10,paragraph,nav2.3.6.src.nas.9,2,PASS
nav2.3.6,3.6,3,Книга ребёнка: родительный падеж и принадлежность,7,nas.10b,ordered-list,nav2.3.6.src.nas.10b,3,PASS
nav2.3.6,3.6,3,Книга ребёнка: родительный падеж и принадлежность,8,nas.11,example,nav2.3.6.src.nas.11,4,PASS
nav2.3.6,3.6,3,Книга ребёнка: родительный падеж и принадлежность,9,nas.12,example,nav2.3.6.src.nas.11,4,PASS
nav2.3.6,3.6,3,Книга ребёнка: родительный падеж и принадлежность,10,nas.13,example,nav2.3.6.src.nas.11,4,PASS
nav2.3.7,3.7,3,Принадлежность: когда меняется основа слова,1,poss.38,subheading,nav2.3.7.src.poss.38,1,PASS
nav2.3.7,3.7,3,Принадлежность: когда меняется основа слова,2,poss.39,paragraph,nav2.3.7.src.poss.38,1,PASS
nav2.3.7,3.7,3,Принадлежность: когда меняется основа слова,3,poss.40,example,nav2.3.7.src.poss.38,1,PASS
nav2.3.7,3.7,3,Принадлежность: когда меняется основа слова,4,poss.41,paragraph,nav2.3.7.src.poss.38,1,PASS
nav2.3.7,3.7,3,Принадлежность: когда меняется основа слова,5,poss.42,example,nav2.3.7.src.poss.42,2,PASS
nav2.3.7,3.7,3,Принадлежность: когда меняется основа слова,6,poss.43,example,nav2.3.7.src.poss.42,2,PASS
nav2.3.7,3.7,3,Принадлежность: когда меняется основа слова,7,poss.44,paragraph,nav2.3.7.src.poss.42,2,PASS
nav2.3.7,3.7,3,Принадлежность: когда меняется основа слова,8,poss.45,example,nav2.3.7.src.poss.42,2,PASS
nav2.3.7,3.7,3,Принадлежность: когда меняется основа слова,9,poss.46,example,nav2.3.7.src.poss.46,3,PASS
nav2.3.7,3.7,3,Принадлежность: когда меняется основа слова,10,poss.47,example,nav2.3.7.src.poss.46,3,PASS
nav2.3.7,3.7,3,Принадлежность: когда меняется основа слова,11,poss.48,example,nav2.3.7.src.poss.46,3,PASS
nav2.3.7,3.7,3,Принадлежность: когда меняется основа слова,12,poss.49,warning,nav2.3.7.src.poss.46,3,PASS
nav2.3.7,3.7,3,Принадлежность: когда меняется основа слова,13,poss.77,subheading,nav2.3.7.src.poss.77,4,PASS
nav2.3.7,3.7,3,Принадлежность: когда меняется основа слова,14,poss.79,paragraph,nav2.3.7.src.poss.77,4,PASS
nav2.3.7,3.7,3,Принадлежность: когда меняется основа слова,15,poss.80,paragraph,nav2.3.7.src.poss.77,4,PASS
nav2.3.7,3.7,3,Принадлежность: когда меняется основа слова,16,poss.78,list,nav2.3.7.src.poss.78,5,PASS
nav2.3.7,3.7,3,Принадлежность: когда меняется основа слова,17,ch.16,subheading,nav2.3.7.src.ch.16,6,PASS
nav2.3.7,3.7,3,Принадлежность: когда меняется основа слова,18,ch.17,paragraph,nav2.3.7.src.ch.16,6,PASS
nav2.3.7,3.7,3,Принадлежность: когда меняется основа слова,19,ch.18,example,nav2.3.7.src.ch.16,6,PASS
nav2.3.7,3.7,3,Принадлежность: когда меняется основа слова,20,ch.19,example,nav2.3.7.src.ch.16,6,PASS
nav2.3.7,3.7,3,Принадлежность: когда меняется основа слова,21,ch.20,example,nav2.3.7.src.ch.20,7,PASS
nav2.3.7,3.7,3,Принадлежность: когда меняется основа слова,22,ch.21,example,nav2.3.7.src.ch.20,7,PASS
nav2.3.7,3.7,3,Принадлежность: когда меняется основа слова,23,ch.22,example,nav2.3.7.src.ch.20,7,PASS
nav2.4.1,4.1,4,Дательный падеж: идём в школу,1,dat.1,subheading,nav2.4.1.src.dat.1,1,PASS
nav2.4.1,4.1,4,Дательный падеж: идём в школу,2,dat.2,paragraph,nav2.4.1.src.dat.1,1,PASS
nav2.4.1,4.1,4,Дательный падеж: идём в школу,3,dat.3,example,nav2.4.1.src.dat.1,1,PASS
nav2.4.1,4.1,4,Дательный падеж: идём в школу,4,dat.4,paragraph,nav2.4.1.src.dat.1,1,PASS
nav2.4.1,4.1,4,Дательный падеж: идём в школу,5,dat.5,warning,nav2.4.1.src.dat.5,2,PASS
nav2.4.1,4.1,4,Дательный падеж: идём в школу,6,dat.6,subheading,nav2.4.1.src.dat.6,3,PASS
nav2.4.1,4.1,4,Дательный падеж: идём в школу,7,dat.7,table,nav2.4.1.src.dat.6,3,PASS
nav2.4.1,4.1,4,Дательный падеж: идём в школу,8,dat.8,paragraph,nav2.4.1.src.dat.8,4,PASS
nav2.4.1,4.1,4,Дательный падеж: идём в школу,9,dat.13,subheading,nav2.4.1.src.dat.13,5,PASS
nav2.4.1,4.1,4,Дательный падеж: идём в школу,10,dat.14,paragraph,nav2.4.1.src.dat.13,5,PASS
nav2.4.1,4.1,4,Дательный падеж: идём в школу,11,dat.15,link,nav2.4.1.src.dat.13,5,PASS
nav2.4.1,4.1,4,Дательный падеж: идём в школу,12,dat.22,subheading,nav2.4.1.src.dat.22,6,PASS
nav2.4.1,4.1,4,Дательный падеж: идём в школу,13,dat.23,paragraph,nav2.4.1.src.dat.22,6,PASS
nav2.4.1,4.1,4,Дательный падеж: идём в школу,14,dat.24,example,nav2.4.1.src.dat.22,6,PASS
nav2.4.1,4.1,4,Дательный падеж: идём в школу,15,dat.25,example,nav2.4.1.src.dat.22,6,PASS
nav2.4.1,4.1,4,Дательный падеж: идём в школу,16,dat.26,paragraph,nav2.4.1.src.dat.26,7,PASS
nav2.4.1,4.1,4,Дательный падеж: идём в школу,17,dat.27,paragraph,nav2.4.1.src.dat.26,7,PASS
nav2.4.1,4.1,4,Дательный падеж: идём в школу,18,dat.28,table,nav2.4.1.src.dat.28,8,PASS
nav2.4.1,4.1,4,Дательный падеж: идём в школу,19,dat.29,paragraph,nav2.4.1.src.dat.29,9,PASS
nav2.4.1,4.1,4,Дательный падеж: идём в школу,20,dat.30,paragraph,nav2.4.1.src.dat.29,9,PASS
nav2.4.1,4.1,4,Дательный падеж: идём в школу,21,dat.31,subheading,nav2.4.1.src.dat.31,10,PASS
nav2.4.1,4.1,4,Дательный падеж: идём в школу,22,dat.32,paragraph,nav2.4.1.src.dat.31,10,PASS
nav2.4.1,4.1,4,Дательный падеж: идём в школу,23,dat.33,try,nav2.4.1.src.dat.33,11,PASS
nav2.4.1,4.1,4,Дательный падеж: идём в школу,24,dat.34,try,nav2.4.1.src.dat.34,12,PASS
nav2.4.1,4.1,4,Дательный падеж: идём в школу,25,dat.35,paragraph,nav2.4.1.src.dat.35,13,PASS
nav2.4.1,4.1,4,Дательный падеж: идём в школу,26,dat.46,subheading,nav2.4.1.src.dat.46,14,PASS
nav2.4.1,4.1,4,Дательный падеж: идём в школу,27,dat.47,paragraph,nav2.4.1.src.dat.46,14,PASS
nav2.4.1,4.1,4,Дательный падеж: идём в школу,28,dat.48,example,nav2.4.1.src.dat.46,14,PASS
nav2.4.1,4.1,4,Дательный падеж: идём в школу,29,dat.49,warning,nav2.4.1.src.dat.46,14,PASS
nav2.4.1,4.1,4,Дательный падеж: идём в школу,30,dat.50,warning,nav2.4.1.src.dat.50,15,PASS
nav2.4.1,4.1,4,Дательный падеж: идём в школу,31,dat.51,term,nav2.4.1.src.dat.50,15,PASS
nav2.4.1,4.1,4,Дательный падеж: идём в школу,32,dat.53,paragraph,nav2.4.1.src.dat.50,15,PASS
nav2.4.1,4.1,4,Дательный падеж: идём в школу,33,dat.52,paragraph,nav2.4.1.src.dat.50,15,PASS
nav2.4.1,4.1,4,Дательный падеж: идём в школу,34,dat.54,paragraph,nav2.4.1.src.dat.54,16,PASS
nav2.4.1,4.1,4,Дательный падеж: идём в школу,35,dat.55,paragraph,nav2.4.1.src.dat.54,16,PASS
nav2.4.2,4.2,4,Дательный падеж: даём книгу ребёнку,1,dat.36,subheading,nav2.4.2.src.dat.36,1,PASS
nav2.4.2,4.2,4,Дательный падеж: даём книгу ребёнку,2,dat.37,paragraph,nav2.4.2.src.dat.36,1,PASS
nav2.4.2,4.2,4,Дательный падеж: даём книгу ребёнку,3,dat.38,example,nav2.4.2.src.dat.36,1,PASS
nav2.4.2,4.2,4,Дательный падеж: даём книгу ребёнку,4,dat.39,paragraph,nav2.4.2.src.dat.36,1,PASS
nav2.4.2,4.2,4,Дательный падеж: даём книгу ребёнку,5,dat.40,paragraph,nav2.4.2.src.dat.40,2,PASS
nav2.4.3,4.3,4,Местный падеж: находимся в школе,1,loc.1,subheading,nav2.4.3.src.loc.1,1,PASS
nav2.4.3,4.3,4,Местный падеж: находимся в школе,2,loc.2,paragraph,nav2.4.3.src.loc.1,1,PASS
nav2.4.3,4.3,4,Местный падеж: находимся в школе,3,loc.3,example,nav2.4.3.src.loc.1,1,PASS
nav2.4.3,4.3,4,Местный падеж: находимся в школе,4,loc.4,paragraph,nav2.4.3.src.loc.1,1,PASS
nav2.4.3,4.3,4,Местный падеж: находимся в школе,5,loc.5,warning,nav2.4.3.src.loc.5,2,PASS
nav2.4.3,4.3,4,Местный падеж: находимся в школе,6,loc.6,subheading,nav2.4.3.src.loc.6,3,PASS
nav2.4.3,4.3,4,Местный падеж: находимся в школе,7,loc.7,table,nav2.4.3.src.loc.6,3,PASS
nav2.4.3,4.3,4,Местный падеж: находимся в школе,8,loc.7b,example,nav2.4.3.src.loc.7b,4,PASS
nav2.4.3,4.3,4,Местный падеж: находимся в школе,9,loc.7c,example,nav2.4.3.src.loc.7b,4,PASS
nav2.4.3,4.3,4,Местный падеж: находимся в школе,10,loc.7d,example,nav2.4.3.src.loc.7b,4,PASS
nav2.4.3,4.3,4,Местный падеж: находимся в школе,11,loc.7e,example,nav2.4.3.src.loc.7b,4,PASS
nav2.4.3,4.3,4,Местный падеж: находимся в школе,12,loc.7f,example,nav2.4.3.src.loc.7f,5,PASS
nav2.4.3,4.3,4,Местный падеж: находимся в школе,13,loc.7g,example,nav2.4.3.src.loc.7f,5,PASS
nav2.4.3,4.3,4,Местный падеж: находимся в школе,14,loc.7h,example,nav2.4.3.src.loc.7f,5,PASS
nav2.4.3,4.3,4,Местный падеж: находимся в школе,15,loc.7i,example,nav2.4.3.src.loc.7f,5,PASS
nav2.4.3,4.3,4,Местный падеж: находимся в школе,16,loc.7j,example,nav2.4.3.src.loc.7j,6,PASS
nav2.4.3,4.3,4,Местный падеж: находимся в школе,17,loc.8,table,nav2.4.3.src.loc.8,7,PASS
nav2.4.3,4.3,4,Местный падеж: находимся в школе,18,loc.9,example,nav2.4.3.src.loc.9,8,PASS
nav2.4.3,4.3,4,Местный падеж: находимся в школе,19,loc.10,example,nav2.4.3.src.loc.9,8,PASS
nav2.4.3,4.3,4,Местный падеж: находимся в школе,20,loc.11,subheading,nav2.4.3.src.loc.11,9,PASS
nav2.4.3,4.3,4,Местный падеж: находимся в школе,21,loc.12,paragraph,nav2.4.3.src.loc.11,9,PASS
nav2.4.3,4.3,4,Местный падеж: находимся в школе,22,loc.13,paragraph,nav2.4.3.src.loc.11,9,PASS
nav2.4.3,4.3,4,Местный падеж: находимся в школе,23,loc.14,paragraph,nav2.4.3.src.loc.11,9,PASS
nav2.4.3,4.3,4,Местный падеж: находимся в школе,24,loc.15,table,nav2.4.3.src.loc.15,10,PASS
nav2.4.3,4.3,4,Местный падеж: находимся в школе,25,loc.16,paragraph,nav2.4.3.src.loc.16,11,PASS
nav2.4.3,4.3,4,Местный падеж: находимся в школе,26,loc.17,warning,nav2.4.3.src.loc.16,11,PASS
nav2.4.3,4.3,4,Местный падеж: находимся в школе,27,loc.18,subheading,nav2.4.3.src.loc.18,12,PASS
nav2.4.3,4.3,4,Местный падеж: находимся в школе,28,loc.19,paragraph,nav2.4.3.src.loc.18,12,PASS
nav2.4.3,4.3,4,Местный падеж: находимся в школе,29,loc.20,try,nav2.4.3.src.loc.20,13,PASS
nav2.4.4,4.4,4,Исходный падеж: выходим из школы,1,nas.21,subheading,nav2.4.4.src.nas.21,1,PASS
nav2.4.4,4.4,4,Исходный падеж: выходим из школы,2,nas.22,paragraph,nav2.4.4.src.nas.21,1,PASS
nav2.4.4,4.4,4,Исходный падеж: выходим из школы,3,nas.23,example,nav2.4.4.src.nas.21,1,PASS
nav2.4.4,4.4,4,Исходный падеж: выходим из школы,4,nas.24,example,nav2.4.4.src.nas.21,1,PASS
nav2.4.4,4.4,4,Исходный падеж: выходим из школы,5,nas.25,example,nav2.4.4.src.nas.25,2,PASS
nav2.4.4,4.4,4,Исходный падеж: выходим из школы,6,nas.26,example,nav2.4.4.src.nas.25,2,PASS
nav2.4.4,4.4,4,Исходный падеж: выходим из школы,7,nas.27,paragraph,nav2.4.4.src.nas.25,2,PASS
nav2.4.5,4.5,4,"Три значения: в школу, в школе, из школы",1,dat.9,subheading,nav2.4.5.src.dat.9,1,PASS
nav2.4.5,4.5,4,"Три значения: в школу, в школе, из школы",2,dat.10,paragraph,nav2.4.5.src.dat.9,1,PASS
nav2.4.5,4.5,4,"Три значения: в школу, в школе, из школы",3,dat.11,paragraph,nav2.4.5.src.dat.9,1,PASS
nav2.4.5,4.5,4,"Три значения: в школу, в школе, из школы",4,dat.12,paragraph,nav2.4.5.src.dat.9,1,PASS
nav2.4.5,4.5,4,"Три значения: в школу, в школе, из школы",5,dat.41,subheading,nav2.4.5.src.dat.41,2,PASS
nav2.4.5,4.5,4,"Три значения: в школу, в школе, из школы",6,dat.42,table,nav2.4.5.src.dat.41,2,PASS
nav2.4.5,4.5,4,"Три значения: в школу, в школе, из школы",7,dat.43,example,nav2.4.5.src.dat.43,3,PASS
nav2.4.5,4.5,4,"Три значения: в школу, в школе, из школы",8,dat.44,example,nav2.4.5.src.dat.43,3,PASS
nav2.4.5,4.5,4,"Три значения: в школу, в школе, из школы",9,dat.45,warning,nav2.4.5.src.dat.43,3,PASS
nav2.4.5,4.5,4,"Три значения: в школу, в школе, из школы",10,nas.1,subheading,nav2.4.5.src.nas.1,4,PASS
nav2.4.5,4.5,4,"Три значения: в школу, в школе, из школы",11,nas.2,paragraph,nav2.4.5.src.nas.1,4,PASS
nav2.4.5,4.5,4,"Три значения: в школу, в школе, из школы",12,nas.3,table,nav2.4.5.src.nas.3,5,PASS
nav2.4.5,4.5,4,"Три значения: в школу, в школе, из школы",13,nas.4,warning,nav2.4.5.src.nas.4,6,PASS
nav2.4.5,4.5,4,"Три значения: в школу, в школе, из школы",14,nas.4b,example,nav2.4.5.src.nas.4,6,PASS
nav2.4.5,4.5,4,"Три значения: в школу, в школе, из школы",15,nas.4c,example,nav2.4.5.src.nas.4,6,PASS
nav2.4.5,4.5,4,"Три значения: в школу, в школе, из школы",16,nas.4d,example,nav2.4.5.src.nas.4,6,PASS
nav2.4.5,4.5,4,"Три значения: в школу, в школе, из школы",17,nas.4e,example,nav2.4.5.src.nas.4e,7,PASS
nav2.4.5,4.5,4,"Три значения: в школу, в школе, из школы",18,nas.4f,example,nav2.4.5.src.nas.4e,7,PASS
nav2.4.5,4.5,4,"Три значения: в школу, в школе, из школы",19,nas.4g,example,nav2.4.5.src.nas.4e,7,PASS
nav2.4.5,4.5,4,"Три значения: в школу, в школе, из школы",20,nas.4h,example,nav2.4.5.src.nas.4e,7,PASS
nav2.4.5,4.5,4,"Три значения: в школу, в школе, из школы",21,nas.4i,example,nav2.4.5.src.nas.4i,8,PASS
nav2.4.5,4.5,4,"Три значения: в школу, в школе, из школы",22,nas.4j,example,nav2.4.5.src.nas.4i,8,PASS
nav2.4.5,4.5,4,"Три значения: в школу, в школе, из школы",23,nas.4k,example,nav2.4.5.src.nas.4i,8,PASS
nav2.4.5,4.5,4,"Три значения: в школу, в школе, из школы",24,nas.4l,example,nav2.4.5.src.nas.4i,8,PASS
nav2.4.5,4.5,4,"Три значения: в школу, в школе, из школы",25,nas.4m,example,nav2.4.5.src.nas.4m,9,PASS
nav2.4.5,4.5,4,"Три значения: в школу, в школе, из школы",26,nas.4n,example,nav2.4.5.src.nas.4m,9,PASS
nav2.4.5,4.5,4,"Три значения: в школу, в школе, из школы",27,nas.4o,example,nav2.4.5.src.nas.4m,9,PASS
nav2.4.5,4.5,4,"Три значения: в школу, в школе, из школы",28,nas.38,subheading,nav2.4.5.src.nas.38,10,PASS
nav2.4.5,4.5,4,"Три значения: в школу, в школе, из школы",29,nas.39,paragraph,nav2.4.5.src.nas.38,10,PASS
nav2.4.5,4.5,4,"Три значения: в школу, в школе, из школы",30,nas.40,example,nav2.4.5.src.nas.38,10,PASS
nav2.4.5,4.5,4,"Три значения: в школу, в школе, из школы",31,nas.41,example,nav2.4.5.src.nas.38,10,PASS
nav2.4.5,4.5,4,"Три значения: в школу, в школе, из школы",32,nas.42,example,nav2.4.5.src.nas.42,11,PASS
nav2.4.5,4.5,4,"Три значения: в школу, в школе, из школы",33,nas.43,try,nav2.4.5.src.nas.43,12,PASS
nav2.4.5,4.5,4,"Три значения: в школу, в школе, из школы",34,nas.44,try,nav2.4.5.src.nas.44,13,PASS
nav2.4.5,4.5,4,"Три значения: в школу, в школе, из школы",35,nas.45,term,nav2.4.5.src.nas.45,14,PASS
nav2.4.5,4.5,4,"Три значения: в школу, в школе, из школы",36,nas.50,paragraph,nav2.4.5.src.nas.45,14,PASS
nav2.4.5,4.5,4,"Три значения: в школу, в школе, из школы",37,nas.51,paragraph,nav2.4.5.src.nas.45,14,PASS
nav2.4.5,4.5,4,"Три значения: в школу, в школе, из школы",38,nas.52,paragraph,nav2.4.5.src.nas.45,14,PASS
nav2.4.5,4.5,4,"Три значения: в школу, в школе, из школы",39,nas.53,paragraph,nav2.4.5.src.nas.53,15,PASS
nav2.4.5,4.5,4,"Три значения: в школу, в школе, из школы",40,nas.54,paragraph,nav2.4.5.src.nas.53,15,PASS
nav2.4.5,4.5,4,"Три значения: в школу, в школе, из школы",41,nas.55,paragraph,nav2.4.5.src.nas.53,15,PASS
nav2.4.5,4.5,4,"Три значения: в школу, в школе, из школы",42,nas.46,list,nav2.4.5.src.nas.46,16,PASS
nav2.4.5,4.5,4,"Три значения: в школу, в школе, из школы",43,nas.47,subheading,nav2.4.5.src.nas.47,17,PASS
nav2.4.5,4.5,4,"Три значения: в школу, в школе, из школы",44,nas.48,paragraph,nav2.4.5.src.nas.47,17,PASS
nav2.4.5,4.5,4,"Три значения: в школу, в школе, из школы",45,nas.49,table,nav2.4.5.src.nas.49,18,PASS
nav2.4.6,4.6,4,Винительный падеж: читаем эту книгу,1,nas.14,subheading,nav2.4.6.src.nas.14,1,PASS
nav2.4.6,4.6,4,Винительный падеж: читаем эту книгу,2,nas.15,paragraph,nav2.4.6.src.nas.14,1,PASS
nav2.4.6,4.6,4,Винительный падеж: читаем эту книгу,3,nas.16,example,nav2.4.6.src.nas.14,1,PASS
nav2.4.6,4.6,4,Винительный падеж: читаем эту книгу,4,nas.17,example,nav2.4.6.src.nas.14,1,PASS
nav2.4.6,4.6,4,Винительный падеж: читаем эту книгу,5,nas.18,example,nav2.4.6.src.nas.18,2,PASS
nav2.4.6,4.6,4,Винительный падеж: читаем эту книгу,6,nas.19,example,nav2.4.6.src.nas.18,2,PASS
nav2.4.6,4.6,4,Винительный падеж: читаем эту книгу,7,nas.20,warning,nav2.4.6.src.nas.18,2,PASS
nav2.4.7,4.7,4,Совместно-инструментальный падеж: вместе с другом,1,nas.28,subheading,nav2.4.7.src.nas.28,1,PASS
nav2.4.7,4.7,4,Совместно-инструментальный падеж: вместе с другом,2,nas.29,paragraph,nav2.4.7.src.nas.28,1,PASS
nav2.4.7,4.7,4,Совместно-инструментальный падеж: вместе с другом,3,nas.30,example,nav2.4.7.src.nas.28,1,PASS
nav2.4.8,4.8,4,Совместно-инструментальный падеж: пишем ручкой,1,nas.31,subheading,nav2.4.8.src.nas.31,1,PASS
nav2.4.8,4.8,4,Совместно-инструментальный падеж: пишем ручкой,2,nas.32,paragraph,nav2.4.8.src.nas.31,1,PASS
nav2.4.8,4.8,4,Совместно-инструментальный падеж: пишем ручкой,3,nas.33,example,nav2.4.8.src.nas.31,1,PASS
nav2.4.8,4.8,4,Совместно-инструментальный падеж: пишем ручкой,4,nas.34,example,nav2.4.8.src.nas.31,1,PASS
nav2.4.8,4.8,4,Совместно-инструментальный падеж: пишем ручкой,5,nas.35,example,nav2.4.8.src.nas.35,2,PASS
nav2.4.8,4.8,4,Совместно-инструментальный падеж: пишем ручкой,6,nas.36,example,nav2.4.8.src.nas.35,2,PASS
nav2.4.8,4.8,4,Совместно-инструментальный падеж: пишем ручкой,7,nas.37,warning,nav2.4.8.src.nas.35,2,PASS
nav2.4.8,4.8,4,Совместно-инструментальный падеж: пишем ручкой,8,nas.37b,paragraph,nav2.4.8.src.nas.35,2,PASS
nav2.4.8,4.8,4,Совместно-инструментальный падеж: пишем ручкой,9,nas.37c,paragraph,nav2.4.8.src.nas.37c,3,PASS
nav2.4.8,4.8,4,Совместно-инструментальный падеж: пишем ручкой,10,nas.37d,paragraph,nav2.4.8.src.nas.37c,3,PASS
nav2.5.1,5.1,5,"Личные окончания: я учитель, мы учителя",1,per.1,subheading,nav2.5.1.src.per.1,1,PASS
nav2.5.1,5.1,5,"Личные окончания: я учитель, мы учителя",2,per.2,paragraph,nav2.5.1.src.per.1,1,PASS
nav2.5.1,5.1,5,"Личные окончания: я учитель, мы учителя",3,per.3,example,nav2.5.1.src.per.1,1,PASS
nav2.5.1,5.1,5,"Личные окончания: я учитель, мы учителя",4,per.4,example,nav2.5.1.src.per.1,1,PASS
nav2.5.1,5.1,5,"Личные окончания: я учитель, мы учителя",5,per.5,example,nav2.5.1.src.per.5,2,PASS
nav2.5.1,5.1,5,"Личные окончания: я учитель, мы учителя",6,per.6,warning,nav2.5.1.src.per.5,2,PASS
nav2.5.1,5.1,5,"Личные окончания: я учитель, мы учителя",7,per.7,example,nav2.5.1.src.per.5,2,PASS
nav2.5.1,5.1,5,"Личные окончания: я учитель, мы учителя",8,per.8,example,nav2.5.1.src.per.5,2,PASS
nav2.5.1,5.1,5,"Личные окончания: я учитель, мы учителя",9,per.9,subheading,nav2.5.1.src.per.9,3,PASS
nav2.5.1,5.1,5,"Личные окончания: я учитель, мы учителя",10,per.10,paragraph,nav2.5.1.src.per.9,3,PASS
nav2.5.1,5.1,5,"Личные окончания: я учитель, мы учителя",11,per.11,example,nav2.5.1.src.per.9,3,PASS
nav2.5.1,5.1,5,"Личные окончания: я учитель, мы учителя",12,per.12,example,nav2.5.1.src.per.9,3,PASS
nav2.5.1,5.1,5,"Личные окончания: я учитель, мы учителя",13,per.13,example,nav2.5.1.src.per.13,4,PASS
nav2.5.1,5.1,5,"Личные окончания: я учитель, мы учителя",14,per.14,example,nav2.5.1.src.per.13,4,PASS
nav2.5.1,5.1,5,"Личные окончания: я учитель, мы учителя",15,per.15,example,nav2.5.1.src.per.13,4,PASS
nav2.5.1,5.1,5,"Личные окончания: я учитель, мы учителя",16,per.16,example,nav2.5.1.src.per.13,4,PASS
nav2.5.1,5.1,5,"Личные окончания: я учитель, мы учителя",17,per.17,example,nav2.5.1.src.per.17,5,PASS
nav2.5.1,5.1,5,"Личные окончания: я учитель, мы учителя",18,per.18,example,nav2.5.1.src.per.17,5,PASS
nav2.5.1,5.1,5,"Личные окончания: я учитель, мы учителя",19,per.19,example,nav2.5.1.src.per.17,5,PASS
nav2.5.1,5.1,5,"Личные окончания: я учитель, мы учителя",20,per.20,subheading,nav2.5.1.src.per.20,6,PASS
nav2.5.1,5.1,5,"Личные окончания: я учитель, мы учителя",21,per.21,paragraph,nav2.5.1.src.per.20,6,PASS
nav2.5.1,5.1,5,"Личные окончания: я учитель, мы учителя",22,per.22,example,nav2.5.1.src.per.20,6,PASS
nav2.5.1,5.1,5,"Личные окончания: я учитель, мы учителя",23,per.23,example,nav2.5.1.src.per.20,6,PASS
nav2.5.1,5.1,5,"Личные окончания: я учитель, мы учителя",24,per.24,example,nav2.5.1.src.per.24,7,PASS
nav2.5.1,5.1,5,"Личные окончания: я учитель, мы учителя",25,per.25,example,nav2.5.1.src.per.24,7,PASS
nav2.5.1,5.1,5,"Личные окончания: я учитель, мы учителя",26,per.26,example,nav2.5.1.src.per.24,7,PASS
nav2.5.1,5.1,5,"Личные окончания: я учитель, мы учителя",27,per.27,example,nav2.5.1.src.per.24,7,PASS
nav2.5.1,5.1,5,"Личные окончания: я учитель, мы учителя",28,per.28,example,nav2.5.1.src.per.28,8,PASS
nav2.5.2,5.2,5,"Личные окончания: ты учитель, Вы учитель",1,per.29,subheading,nav2.5.2.src.per.29,1,PASS
nav2.5.2,5.2,5,"Личные окончания: ты учитель, Вы учитель",2,per.30,paragraph,nav2.5.2.src.per.29,1,PASS
nav2.5.2,5.2,5,"Личные окончания: ты учитель, Вы учитель",3,per.31,example,nav2.5.2.src.per.29,1,PASS
nav2.5.2,5.2,5,"Личные окончания: ты учитель, Вы учитель",4,per.32,example,nav2.5.2.src.per.29,1,PASS
nav2.5.2,5.2,5,"Личные окончания: ты учитель, Вы учитель",5,per.33,example,nav2.5.2.src.per.33,2,PASS
nav2.5.2,5.2,5,"Личные окончания: ты учитель, Вы учитель",6,per.34,example,nav2.5.2.src.per.33,2,PASS
nav2.5.2,5.2,5,"Личные окончания: ты учитель, Вы учитель",7,per.35,example,nav2.5.2.src.per.33,2,PASS
nav2.5.2,5.2,5,"Личные окончания: ты учитель, Вы учитель",8,per.36,example,nav2.5.2.src.per.33,2,PASS
nav2.5.2,5.2,5,"Личные окончания: ты учитель, Вы учитель",9,per.37,example,nav2.5.2.src.per.37,3,PASS
nav2.5.2,5.2,5,"Личные окончания: ты учитель, Вы учитель",10,per.38,example,nav2.5.2.src.per.37,3,PASS
nav2.5.2,5.2,5,"Личные окончания: ты учитель, Вы учитель",11,per.39,example,nav2.5.2.src.per.37,3,PASS
nav2.5.2,5.2,5,"Личные окончания: ты учитель, Вы учитель",12,per.40,example,nav2.5.2.src.per.37,3,PASS
nav2.5.2,5.2,5,"Личные окончания: ты учитель, Вы учитель",13,per.41,example,nav2.5.2.src.per.41,4,PASS
nav2.5.2,5.2,5,"Личные окончания: ты учитель, Вы учитель",14,per.42,example,nav2.5.2.src.per.41,4,PASS
nav2.5.3,5.3,5,Личные окончания: обращаемся к нескольким людям,1,per.29,subheading,nav2.5.3.src.per.29,1,PASS
nav2.5.3,5.3,5,Личные окончания: обращаемся к нескольким людям,2,per.30,paragraph,nav2.5.3.src.per.29,1,PASS
nav2.5.3,5.3,5,Личные окончания: обращаемся к нескольким людям,3,per.31,example,nav2.5.3.src.per.29,1,PASS
nav2.5.3,5.3,5,Личные окончания: обращаемся к нескольким людям,4,per.32,example,nav2.5.3.src.per.29,1,PASS
nav2.5.3,5.3,5,Личные окончания: обращаемся к нескольким людям,5,per.33,example,nav2.5.3.src.per.33,2,PASS
nav2.5.3,5.3,5,Личные окончания: обращаемся к нескольким людям,6,per.34,example,nav2.5.3.src.per.33,2,PASS
nav2.5.3,5.3,5,Личные окончания: обращаемся к нескольким людям,7,per.35,example,nav2.5.3.src.per.33,2,PASS
nav2.5.3,5.3,5,Личные окончания: обращаемся к нескольким людям,8,per.36,example,nav2.5.3.src.per.33,2,PASS
nav2.5.3,5.3,5,Личные окончания: обращаемся к нескольким людям,9,per.37,example,nav2.5.3.src.per.37,3,PASS
nav2.5.3,5.3,5,Личные окончания: обращаемся к нескольким людям,10,per.38,example,nav2.5.3.src.per.37,3,PASS
nav2.5.3,5.3,5,Личные окончания: обращаемся к нескольким людям,11,per.39,example,nav2.5.3.src.per.37,3,PASS
nav2.5.3,5.3,5,Личные окончания: обращаемся к нескольким людям,12,per.40,example,nav2.5.3.src.per.37,3,PASS
nav2.5.3,5.3,5,Личные окончания: обращаемся к нескольким людям,13,per.41,example,nav2.5.3.src.per.41,4,PASS
nav2.5.3,5.3,5,Личные окончания: обращаемся к нескольким людям,14,per.42,example,nav2.5.3.src.per.41,4,PASS
nav2.5.4,5.4,5,Вопрос: ты учитель?,1,per.43,subheading,nav2.5.4.src.per.43,1,PASS
nav2.5.4,5.4,5,Вопрос: ты учитель?,2,per.44,paragraph,nav2.5.4.src.per.43,1,PASS
nav2.5.4,5.4,5,Вопрос: ты учитель?,3,per.45,example,nav2.5.4.src.per.43,1,PASS
nav2.5.4,5.4,5,Вопрос: ты учитель?,4,per.46,example,nav2.5.4.src.per.43,1,PASS
nav2.5.4,5.4,5,Вопрос: ты учитель?,5,per.47,example,nav2.5.4.src.per.47,2,PASS
nav2.5.4,5.4,5,Вопрос: ты учитель?,6,per.48,example,nav2.5.4.src.per.47,2,PASS
nav2.5.4,5.4,5,Вопрос: ты учитель?,7,per.49,example,nav2.5.4.src.per.47,2,PASS
nav2.5.4,5.4,5,Вопрос: ты учитель?,8,per.50,example,nav2.5.4.src.per.47,2,PASS
nav2.5.4,5.4,5,Вопрос: ты учитель?,9,per.51,example,nav2.5.4.src.per.51,3,PASS
nav2.5.4,5.4,5,Вопрос: ты учитель?,10,per.52,example,nav2.5.4.src.per.51,3,PASS
nav2.5.4,5.4,5,Вопрос: ты учитель?,11,per.53,example,nav2.5.4.src.per.51,3,PASS
nav2.5.4,5.4,5,Вопрос: ты учитель?,12,per.54,example,nav2.5.4.src.per.51,3,PASS
nav2.5.4,5.4,5,Вопрос: ты учитель?,13,per.55,warning,nav2.5.4.src.per.55,4,PASS
nav2.5.4,5.4,5,Вопрос: ты учитель?,14,per.55b,paragraph,nav2.5.4.src.per.55,4,PASS
nav2.5.4,5.4,5,Вопрос: ты учитель?,15,per.55c,paragraph,nav2.5.4.src.per.55,4,PASS
nav2.5.4,5.4,5,Вопрос: ты учитель?,16,per.55d,example,nav2.5.4.src.per.55,4,PASS
nav2.5.5,5.5,5,Сравнение: мой учитель и я учитель,1,poss.77,subheading,nav2.5.5.src.poss.77,1,PASS
nav2.5.5,5.5,5,Сравнение: мой учитель и я учитель,2,poss.79,paragraph,nav2.5.5.src.poss.77,1,PASS
nav2.5.5,5.5,5,Сравнение: мой учитель и я учитель,3,poss.80,paragraph,nav2.5.5.src.poss.77,1,PASS
nav2.5.5,5.5,5,Сравнение: мой учитель и я учитель,4,poss.78,list,nav2.5.5.src.poss.78,2,PASS
nav2.5.5,5.5,5,Сравнение: мой учитель и я учитель,5,per.56,subheading,nav2.5.5.src.per.56,3,PASS
nav2.5.5,5.5,5,Сравнение: мой учитель и я учитель,6,per.57,paragraph,nav2.5.5.src.per.56,3,PASS
nav2.5.5,5.5,5,Сравнение: мой учитель и я учитель,7,per.58,example,nav2.5.5.src.per.56,3,PASS
nav2.5.5,5.5,5,Сравнение: мой учитель и я учитель,8,per.59,try,nav2.5.5.src.per.59,4,PASS
nav2.5.5,5.5,5,Сравнение: мой учитель и я учитель,9,per.60,try,nav2.5.5.src.per.60,5,PASS
nav2.5.5,5.5,5,Сравнение: мой учитель и я учитель,10,per.63,paragraph,nav2.5.5.src.per.63,6,PASS
nav2.5.5,5.5,5,Сравнение: мой учитель и я учитель,11,per.64,paragraph,nav2.5.5.src.per.63,6,PASS
nav2.5.5,5.5,5,Сравнение: мой учитель и я учитель,12,per.61,list,nav2.5.5.src.per.61,7,PASS
nav2.5.5,5.5,5,Сравнение: мой учитель и я учитель,13,per.62,term,nav2.5.5.src.per.62,8,PASS
nav2.6.1,6.1,6,Множественное число и принадлежность: наши города,1,ch.1,subheading,nav2.6.1.src.ch.1,1,PASS
nav2.6.1,6.1,6,Множественное число и принадлежность: наши города,2,ch.2,paragraph,nav2.6.1.src.ch.1,1,PASS
nav2.6.1,6.1,6,Множественное число и принадлежность: наши города,3,ch.3,example,nav2.6.1.src.ch.1,1,PASS
nav2.6.1,6.1,6,Множественное число и принадлежность: наши города,4,ch.4,example,nav2.6.1.src.ch.1,1,PASS
nav2.6.1,6.1,6,Множественное число и принадлежность: наши города,5,ch.5,example,nav2.6.1.src.ch.5,2,PASS
nav2.6.1,6.1,6,Множественное число и принадлежность: наши города,6,ch.6,paragraph,nav2.6.1.src.ch.5,2,PASS
nav2.6.1,6.1,6,Множественное число и принадлежность: наши города,7,ch.23,subheading,nav2.6.1.src.ch.23,3,PASS
nav2.6.1,6.1,6,Множественное число и принадлежность: наши города,8,ch.24,example,nav2.6.1.src.ch.23,3,PASS
nav2.6.1,6.1,6,Множественное число и принадлежность: наши города,9,ch.25,example,nav2.6.1.src.ch.23,3,PASS
nav2.6.1,6.1,6,Множественное число и принадлежность: наши города,10,ch.26,example,nav2.6.1.src.ch.23,3,PASS
nav2.6.1,6.1,6,Множественное число и принадлежность: наши города,11,ch.27,example,nav2.6.1.src.ch.27,4,PASS
nav2.6.1,6.1,6,Множественное число и принадлежность: наши города,12,ch.28,example,nav2.6.1.src.ch.27,4,PASS
nav2.6.1,6.1,6,Множественное число и принадлежность: наши города,13,ch.29,example,nav2.6.1.src.ch.27,4,PASS
nav2.6.1,6.1,6,Множественное число и принадлежность: наши города,14,ch.30,example,nav2.6.1.src.ch.27,4,PASS
nav2.6.1,6.1,6,Множественное число и принадлежность: наши города,15,ch.31,example,nav2.6.1.src.ch.31,5,PASS
nav2.6.1,6.1,6,Множественное число и принадлежность: наши города,16,ch.32,example,nav2.6.1.src.ch.31,5,PASS
nav2.6.1,6.1,6,Множественное число и принадлежность: наши города,17,ch.33,example,nav2.6.1.src.ch.31,5,PASS
nav2.6.1,6.1,6,Множественное число и принадлежность: наши города,18,ch.34,example,nav2.6.1.src.ch.31,5,PASS
nav2.6.1,6.1,6,Множественное число и принадлежность: наши города,19,ch.35,example,nav2.6.1.src.ch.35,6,PASS
nav2.6.1,6.1,6,Множественное число и принадлежность: наши города,20,ch.36,example,nav2.6.1.src.ch.35,6,PASS
nav2.6.1,6.1,6,Множественное число и принадлежность: наши города,21,ch.37,example,nav2.6.1.src.ch.35,6,PASS
nav2.6.1,6.1,6,Множественное число и принадлежность: наши города,22,ch.38,example,nav2.6.1.src.ch.35,6,PASS
nav2.6.1,6.1,6,Множественное число и принадлежность: наши города,23,ch.39,example,nav2.6.1.src.ch.39,7,PASS
nav2.6.1,6.1,6,Множественное число и принадлежность: наши города,24,ch.40,example,nav2.6.1.src.ch.39,7,PASS
nav2.6.1,6.1,6,Множественное число и принадлежность: наши города,25,ch.41,try,nav2.6.1.src.ch.41,8,PASS
nav2.6.1,6.1,6,Множественное число и принадлежность: наши города,26,ch.42,warning,nav2.6.1.src.ch.42,9,PASS
nav2.6.1,6.1,6,Множественное число и принадлежность: наши города,27,ch.44,paragraph,nav2.6.1.src.ch.42,9,PASS
nav2.6.1,6.1,6,Множественное число и принадлежность: наши города,28,ch.45,paragraph,nav2.6.1.src.ch.42,9,PASS
nav2.6.1,6.1,6,Множественное число и принадлежность: наши города,29,ch.46,paragraph,nav2.6.1.src.ch.42,9,PASS
nav2.6.1,6.1,6,Множественное число и принадлежность: наши города,30,ch.43,list,nav2.6.1.src.ch.43,10,PASS
nav2.6.2,6.2,6,Дательный падеж после принадлежности: к моему дому,1,dat.46,subheading,nav2.6.2.src.dat.46,1,PASS
nav2.6.2,6.2,6,Дательный падеж после принадлежности: к моему дому,2,dat.47,paragraph,nav2.6.2.src.dat.46,1,PASS
nav2.6.2,6.2,6,Дательный падеж после принадлежности: к моему дому,3,dat.48,example,nav2.6.2.src.dat.46,1,PASS
nav2.6.2,6.2,6,Дательный падеж после принадлежности: к моему дому,4,dat.49,warning,nav2.6.2.src.dat.46,1,PASS
nav2.6.2,6.2,6,Дательный падеж после принадлежности: к моему дому,5,dat.50,warning,nav2.6.2.src.dat.50,2,PASS
nav2.6.2,6.2,6,Дательный падеж после принадлежности: к моему дому,6,dat.51,term,nav2.6.2.src.dat.50,2,PASS
nav2.6.2,6.2,6,Дательный падеж после принадлежности: к моему дому,7,dat.53,paragraph,nav2.6.2.src.dat.50,2,PASS
nav2.6.2,6.2,6,Дательный падеж после принадлежности: к моему дому,8,dat.52,paragraph,nav2.6.2.src.dat.50,2,PASS
nav2.6.2,6.2,6,Дательный падеж после принадлежности: к моему дому,9,dat.54,paragraph,nav2.6.2.src.dat.54,3,PASS
nav2.6.2,6.2,6,Дательный падеж после принадлежности: к моему дому,10,dat.55,paragraph,nav2.6.2.src.dat.54,3,PASS
nav2.6.2,6.2,6,Дательный падеж после принадлежности: к моему дому,11,poss.50,subheading,nav2.6.2.src.poss.50,4,PASS
nav2.6.2,6.2,6,Дательный падеж после принадлежности: к моему дому,12,poss.51,try,nav2.6.2.src.poss.50,4,PASS
nav2.6.2,6.2,6,Дательный падеж после принадлежности: к моему дому,13,poss.52,paragraph,nav2.6.2.src.poss.52,5,PASS
nav2.6.2,6.2,6,Дательный падеж после принадлежности: к моему дому,14,poss.53,paragraph,nav2.6.2.src.poss.52,5,PASS
nav2.6.2,6.2,6,Дательный падеж после принадлежности: к моему дому,15,poss.54,paragraph,nav2.6.2.src.poss.52,5,PASS
nav2.6.2,6.2,6,Дательный падеж после принадлежности: к моему дому,16,poss.55,subheading,nav2.6.2.src.poss.55,6,PASS
nav2.6.2,6.2,6,Дательный падеж после принадлежности: к моему дому,17,poss.56,paragraph,nav2.6.2.src.poss.55,6,PASS
nav2.6.2,6.2,6,Дательный падеж после принадлежности: к моему дому,18,poss.57,example,nav2.6.2.src.poss.55,6,PASS
nav2.6.2,6.2,6,Дательный падеж после принадлежности: к моему дому,19,poss.58,example,nav2.6.2.src.poss.55,6,PASS
nav2.6.2,6.2,6,Дательный падеж после принадлежности: к моему дому,20,poss.59,paragraph,nav2.6.2.src.poss.59,7,PASS
nav2.6.2,6.2,6,Дательный падеж после принадлежности: к моему дому,21,poss.60,table,nav2.6.2.src.poss.60,8,PASS
nav2.6.2,6.2,6,Дательный падеж после принадлежности: к моему дому,22,poss.61,example,nav2.6.2.src.poss.61,9,PASS
nav2.6.2,6.2,6,Дательный падеж после принадлежности: к моему дому,23,poss.62,example,nav2.6.2.src.poss.61,9,PASS
nav2.6.2,6.2,6,Дательный падеж после принадлежности: к моему дому,24,poss.63,example,nav2.6.2.src.poss.61,9,PASS
nav2.6.2,6.2,6,Дательный падеж после принадлежности: к моему дому,25,poss.64,warning,nav2.6.2.src.poss.61,9,PASS
nav2.6.2,6.2,6,Дательный падеж после принадлежности: к моему дому,26,poss.65,paragraph,nav2.6.2.src.poss.65,10,PASS
nav2.6.2,6.2,6,Дательный падеж после принадлежности: к моему дому,27,poss.66,example,nav2.6.2.src.poss.65,10,PASS
nav2.6.2,6.2,6,Дательный падеж после принадлежности: к моему дому,28,poss.67,example,nav2.6.2.src.poss.65,10,PASS
nav2.6.2,6.2,6,Дательный падеж после принадлежности: к моему дому,29,poss.68,example,nav2.6.2.src.poss.65,10,PASS
nav2.6.2,6.2,6,Дательный падеж после принадлежности: к моему дому,30,poss.69,example,nav2.6.2.src.poss.69,11,PASS
nav2.6.2,6.2,6,Дательный падеж после принадлежности: к моему дому,31,ch.7,subheading,nav2.6.2.src.ch.7,12,PASS
nav2.6.2,6.2,6,Дательный падеж после принадлежности: к моему дому,32,ch.8,example,nav2.6.2.src.ch.7,12,PASS
nav2.6.2,6.2,6,Дательный падеж после принадлежности: к моему дому,33,ch.9,example,nav2.6.2.src.ch.7,12,PASS
nav2.6.2,6.2,6,Дательный падеж после принадлежности: к моему дому,34,ch.10,example,nav2.6.2.src.ch.7,12,PASS
nav2.6.2,6.2,6,Дательный падеж после принадлежности: к моему дому,35,ch.11,example,nav2.6.2.src.ch.11,13,PASS
nav2.6.2,6.2,6,Дательный падеж после принадлежности: к моему дому,36,ch.12,example,nav2.6.2.src.ch.11,13,PASS
nav2.6.2,6.2,6,Дательный падеж после принадлежности: к моему дому,37,ch.13,example,nav2.6.2.src.ch.11,13,PASS
nav2.6.2,6.2,6,Дательный падеж после принадлежности: к моему дому,38,ch.14,example,nav2.6.2.src.ch.11,13,PASS
nav2.6.2,6.2,6,Дательный падеж после принадлежности: к моему дому,39,ch.15,example,nav2.6.2.src.ch.15,14,PASS
nav2.6.3,6.3,6,"Падежи после «его» или «её»: в его доме, из его дома",1,loc.21,subheading,nav2.6.3.src.loc.21,1,PASS
nav2.6.3,6.3,6,"Падежи после «его» или «её»: в его доме, из его дома",2,loc.22,example,nav2.6.3.src.loc.21,1,PASS
nav2.6.3,6.3,6,"Падежи после «его» или «её»: в его доме, из его дома",3,loc.23,paragraph,nav2.6.3.src.loc.21,1,PASS
nav2.6.3,6.3,6,"Падежи после «его» или «её»: в его доме, из его дома",4,loc.24,link,nav2.6.3.src.loc.21,1,PASS
nav2.6.3,6.3,6,"Падежи после «его» или «её»: в его доме, из его дома",5,loc.25,warning,nav2.6.3.src.loc.25,2,PASS
nav2.6.3,6.3,6,"Падежи после «его» или «её»: в его доме, из его дома",6,loc.26,term,nav2.6.3.src.loc.25,2,PASS
nav2.6.3,6.3,6,"Падежи после «его» или «её»: в его доме, из его дома",7,loc.27,paragraph,nav2.6.3.src.loc.25,2,PASS
nav2.6.3,6.3,6,"Падежи после «его» или «её»: в его доме, из его дома",8,loc.28,paragraph,nav2.6.3.src.loc.25,2,PASS
nav2.6.3,6.3,6,"Падежи после «его» или «её»: в его доме, из его дома",9,ch.7,subheading,nav2.6.3.src.ch.7,3,PASS
nav2.6.3,6.3,6,"Падежи после «его» или «её»: в его доме, из его дома",10,ch.8,example,nav2.6.3.src.ch.7,3,PASS
nav2.6.3,6.3,6,"Падежи после «его» или «её»: в его доме, из его дома",11,ch.9,example,nav2.6.3.src.ch.7,3,PASS
nav2.6.3,6.3,6,"Падежи после «его» или «её»: в его доме, из его дома",12,ch.10,example,nav2.6.3.src.ch.7,3,PASS
nav2.6.3,6.3,6,"Падежи после «его» или «её»: в его доме, из его дома",13,ch.11,example,nav2.6.3.src.ch.11,4,PASS
nav2.6.3,6.3,6,"Падежи после «его» или «её»: в его доме, из его дома",14,ch.12,example,nav2.6.3.src.ch.11,4,PASS
nav2.6.3,6.3,6,"Падежи после «его» или «её»: в его доме, из его дома",15,ch.13,example,nav2.6.3.src.ch.11,4,PASS
nav2.6.3,6.3,6,"Падежи после «его» или «её»: в его доме, из его дома",16,ch.14,example,nav2.6.3.src.ch.11,4,PASS
nav2.6.3,6.3,6,"Падежи после «его» или «её»: в его доме, из его дома",17,ch.15,example,nav2.6.3.src.ch.15,5,PASS
nav2.6.4,6.4,6,"Собираем слово: количество, владелец, падеж",1,poss.70,subheading,nav2.6.4.src.poss.70,1,PASS
nav2.6.4,6.4,6,"Собираем слово: количество, владелец, падеж",2,poss.71,example,nav2.6.4.src.poss.70,1,PASS
nav2.6.4,6.4,6,"Собираем слово: количество, владелец, падеж",3,poss.72,example,nav2.6.4.src.poss.70,1,PASS
nav2.6.4,6.4,6,"Собираем слово: количество, владелец, падеж",4,poss.73,example,nav2.6.4.src.poss.70,1,PASS
nav2.6.4,6.4,6,"Собираем слово: количество, владелец, падеж",5,poss.74,paragraph,nav2.6.4.src.poss.74,2,PASS
nav2.6.4,6.4,6,"Собираем слово: количество, владелец, падеж",6,poss.75,term,nav2.6.4.src.poss.74,2,PASS
nav2.6.4,6.4,6,"Собираем слово: количество, владелец, падеж",7,poss.76,paragraph,nav2.6.4.src.poss.74,2,PASS
nav2.6.4,6.4,6,"Собираем слово: количество, владелец, падеж",8,ch.1,subheading,nav2.6.4.src.ch.1,3,PASS
nav2.6.4,6.4,6,"Собираем слово: количество, владелец, падеж",9,ch.2,paragraph,nav2.6.4.src.ch.1,3,PASS
nav2.6.4,6.4,6,"Собираем слово: количество, владелец, падеж",10,ch.3,example,nav2.6.4.src.ch.1,3,PASS
nav2.6.4,6.4,6,"Собираем слово: количество, владелец, падеж",11,ch.4,example,nav2.6.4.src.ch.1,3,PASS
nav2.6.4,6.4,6,"Собираем слово: количество, владелец, падеж",12,ch.5,example,nav2.6.4.src.ch.5,4,PASS
nav2.6.4,6.4,6,"Собираем слово: количество, владелец, падеж",13,ch.6,paragraph,nav2.6.4.src.ch.5,4,PASS
nav2.6.4,6.4,6,"Собираем слово: количество, владелец, падеж",14,ch.16,subheading,nav2.6.4.src.ch.16,5,PASS
nav2.6.4,6.4,6,"Собираем слово: количество, владелец, падеж",15,ch.17,paragraph,nav2.6.4.src.ch.16,5,PASS
nav2.6.4,6.4,6,"Собираем слово: количество, владелец, падеж",16,ch.18,example,nav2.6.4.src.ch.16,5,PASS
nav2.6.4,6.4,6,"Собираем слово: количество, владелец, падеж",17,ch.19,example,nav2.6.4.src.ch.16,5,PASS
nav2.6.4,6.4,6,"Собираем слово: количество, владелец, падеж",18,ch.20,example,nav2.6.4.src.ch.20,6,PASS
nav2.6.4,6.4,6,"Собираем слово: количество, владелец, падеж",19,ch.21,example,nav2.6.4.src.ch.20,6,PASS
nav2.6.4,6.4,6,"Собираем слово: количество, владелец, падеж",20,ch.22,example,nav2.6.4.src.ch.20,6,PASS
nav2.6.4,6.4,6,"Собираем слово: количество, владелец, падеж",21,ch.23,subheading,nav2.6.4.src.ch.23,7,PASS
nav2.6.4,6.4,6,"Собираем слово: количество, владелец, падеж",22,ch.24,example,nav2.6.4.src.ch.23,7,PASS
nav2.6.4,6.4,6,"Собираем слово: количество, владелец, падеж",23,ch.25,example,nav2.6.4.src.ch.23,7,PASS
nav2.6.4,6.4,6,"Собираем слово: количество, владелец, падеж",24,ch.26,example,nav2.6.4.src.ch.23,7,PASS
nav2.6.4,6.4,6,"Собираем слово: количество, владелец, падеж",25,ch.27,example,nav2.6.4.src.ch.27,8,PASS
nav2.6.4,6.4,6,"Собираем слово: количество, владелец, падеж",26,ch.28,example,nav2.6.4.src.ch.27,8,PASS
nav2.6.4,6.4,6,"Собираем слово: количество, владелец, падеж",27,ch.29,example,nav2.6.4.src.ch.27,8,PASS
nav2.6.4,6.4,6,"Собираем слово: количество, владелец, падеж",28,ch.30,example,nav2.6.4.src.ch.27,8,PASS
nav2.6.4,6.4,6,"Собираем слово: количество, владелец, падеж",29,ch.31,example,nav2.6.4.src.ch.31,9,PASS
nav2.6.4,6.4,6,"Собираем слово: количество, владелец, падеж",30,ch.32,example,nav2.6.4.src.ch.31,9,PASS
nav2.6.4,6.4,6,"Собираем слово: количество, владелец, падеж",31,ch.33,example,nav2.6.4.src.ch.31,9,PASS
nav2.6.4,6.4,6,"Собираем слово: количество, владелец, падеж",32,ch.34,example,nav2.6.4.src.ch.31,9,PASS
nav2.6.4,6.4,6,"Собираем слово: количество, владелец, падеж",33,ch.35,example,nav2.6.4.src.ch.35,10,PASS
nav2.6.4,6.4,6,"Собираем слово: количество, владелец, падеж",34,ch.36,example,nav2.6.4.src.ch.35,10,PASS
nav2.6.4,6.4,6,"Собираем слово: количество, владелец, падеж",35,ch.37,example,nav2.6.4.src.ch.35,10,PASS
nav2.6.4,6.4,6,"Собираем слово: количество, владелец, падеж",36,ch.38,example,nav2.6.4.src.ch.35,10,PASS
nav2.6.4,6.4,6,"Собираем слово: количество, владелец, падеж",37,ch.39,example,nav2.6.4.src.ch.39,11,PASS
nav2.6.4,6.4,6,"Собираем слово: количество, владелец, падеж",38,ch.40,example,nav2.6.4.src.ch.39,11,PASS
nav2.6.4,6.4,6,"Собираем слово: количество, владелец, падеж",39,ch.41,try,nav2.6.4.src.ch.41,12,PASS
nav2.6.4,6.4,6,"Собираем слово: количество, владелец, падеж",40,ch.42,warning,nav2.6.4.src.ch.42,13,PASS
nav2.6.4,6.4,6,"Собираем слово: количество, владелец, падеж",41,ch.44,paragraph,nav2.6.4.src.ch.42,13,PASS
nav2.6.4,6.4,6,"Собираем слово: количество, владелец, падеж",42,ch.45,paragraph,nav2.6.4.src.ch.42,13,PASS
nav2.6.4,6.4,6,"Собираем слово: количество, владелец, падеж",43,ch.46,paragraph,nav2.6.4.src.ch.42,13,PASS
nav2.6.4,6.4,6,"Собираем слово: количество, владелец, падеж",44,ch.43,list,nav2.6.4.src.ch.43,14,PASS
nav2.7.1,7.1,7,Основа глагола: от какого слова строим форму,1,vb.1,subheading,nav2.7.1.src.vb.1,1,PASS
nav2.7.1,7.1,7,Основа глагола: от какого слова строим форму,2,vb.2,paragraph,nav2.7.1.src.vb.1,1,PASS
nav2.7.1,7.1,7,Основа глагола: от какого слова строим форму,3,vb.3,example,nav2.7.1.src.vb.1,1,PASS
nav2.7.1,7.1,7,Основа глагола: от какого слова строим форму,4,vb.4,example,nav2.7.1.src.vb.1,1,PASS
nav2.7.1,7.1,7,Основа глагола: от какого слова строим форму,5,vb.5,example,nav2.7.1.src.vb.5,2,PASS
nav2.7.1,7.1,7,Основа глагола: от какого слова строим форму,6,vb.6,example,nav2.7.1.src.vb.5,2,PASS
nav2.7.1,7.1,7,Основа глагола: от какого слова строим форму,7,vb.67,subheading,nav2.7.1.src.vb.67,3,PASS
nav2.7.1,7.1,7,Основа глагола: от какого слова строим форму,8,vb.68,paragraph,nav2.7.1.src.vb.67,3,PASS
nav2.7.1,7.1,7,Основа глагола: от какого слова строим форму,9,vb.69,example,nav2.7.1.src.vb.67,3,PASS
nav2.7.1,7.1,7,Основа глагола: от какого слова строим форму,10,vb.70,example,nav2.7.1.src.vb.67,3,PASS
nav2.7.1,7.1,7,Основа глагола: от какого слова строим форму,11,vb.71,example,nav2.7.1.src.vb.71,4,PASS
nav2.7.2,7.2,7,Прошедшее время: действие уже произошло,1,vb.17,subheading,nav2.7.2.src.vb.17,1,PASS
nav2.7.2,7.2,7,Прошедшее время: действие уже произошло,2,vb.18,paragraph,nav2.7.2.src.vb.17,1,PASS
nav2.7.2,7.2,7,Прошедшее время: действие уже произошло,3,vb.19,example,nav2.7.2.src.vb.17,1,PASS
nav2.7.2,7.2,7,Прошедшее время: действие уже произошло,4,vb.20,example,nav2.7.2.src.vb.17,1,PASS
nav2.7.2,7.2,7,Прошедшее время: действие уже произошло,5,vb.21,example,nav2.7.2.src.vb.21,2,PASS
nav2.7.2,7.2,7,Прошедшее время: действие уже произошло,6,vb.22,example,nav2.7.2.src.vb.21,2,PASS
nav2.7.2,7.2,7,Прошедшее время: действие уже произошло,7,vb.23,example,nav2.7.2.src.vb.21,2,PASS
nav2.7.2,7.2,7,Прошедшее время: действие уже произошло,8,vb.24,example,nav2.7.2.src.vb.21,2,PASS
nav2.7.2,7.2,7,Прошедшее время: действие уже произошло,9,vb.25,example,nav2.7.2.src.vb.25,3,PASS
nav2.7.2,7.2,7,Прошедшее время: действие уже произошло,10,vb.26,example,nav2.7.2.src.vb.25,3,PASS
nav2.7.3,7.3,7,Отрицание действия: не пришёл,1,per.56,subheading,nav2.7.3.src.per.56,1,PASS
nav2.7.3,7.3,7,Отрицание действия: не пришёл,2,per.57,paragraph,nav2.7.3.src.per.56,1,PASS
nav2.7.3,7.3,7,Отрицание действия: не пришёл,3,per.58,example,nav2.7.3.src.per.56,1,PASS
nav2.7.3,7.3,7,Отрицание действия: не пришёл,4,per.59,try,nav2.7.3.src.per.59,2,PASS
nav2.7.3,7.3,7,Отрицание действия: не пришёл,5,per.60,try,nav2.7.3.src.per.60,3,PASS
nav2.7.3,7.3,7,Отрицание действия: не пришёл,6,per.63,paragraph,nav2.7.3.src.per.63,4,PASS
nav2.7.3,7.3,7,Отрицание действия: не пришёл,7,per.64,paragraph,nav2.7.3.src.per.63,4,PASS
nav2.7.3,7.3,7,Отрицание действия: не пришёл,8,per.61,list,nav2.7.3.src.per.61,5,PASS
nav2.7.3,7.3,7,Отрицание действия: не пришёл,9,per.62,term,nav2.7.3.src.per.62,6,PASS
nav2.7.3,7.3,7,Отрицание действия: не пришёл,10,vb.7,subheading,nav2.7.3.src.vb.7,7,PASS
nav2.7.3,7.3,7,Отрицание действия: не пришёл,11,vb.8,paragraph,nav2.7.3.src.vb.7,7,PASS
nav2.7.3,7.3,7,Отрицание действия: не пришёл,12,vb.9,example,nav2.7.3.src.vb.7,7,PASS
nav2.7.3,7.3,7,Отрицание действия: не пришёл,13,vb.10,example,nav2.7.3.src.vb.7,7,PASS
nav2.7.3,7.3,7,Отрицание действия: не пришёл,14,vb.11,example,nav2.7.3.src.vb.11,8,PASS
nav2.7.3,7.3,7,Отрицание действия: не пришёл,15,vb.12,example,nav2.7.3.src.vb.11,8,PASS
nav2.7.3,7.3,7,Отрицание действия: не пришёл,16,vb.13,example,nav2.7.3.src.vb.11,8,PASS
nav2.7.3,7.3,7,Отрицание действия: не пришёл,17,vb.14,example,nav2.7.3.src.vb.11,8,PASS
nav2.7.3,7.3,7,Отрицание действия: не пришёл,18,vb.15,example,nav2.7.3.src.vb.15,9,PASS
nav2.7.3,7.3,7,Отрицание действия: не пришёл,19,vb.16,example,nav2.7.3.src.vb.15,9,PASS
nav2.7.4,7.4,7,"Окончания лица у глагола: я, мы, ты, Вы",1,vb.27,subheading,nav2.7.4.src.vb.27,1,PASS
nav2.7.4,7.4,7,"Окончания лица у глагола: я, мы, ты, Вы",2,vb.28,paragraph,nav2.7.4.src.vb.27,1,PASS
nav2.7.4,7.4,7,"Окончания лица у глагола: я, мы, ты, Вы",3,vb.29,example,nav2.7.4.src.vb.27,1,PASS
nav2.7.4,7.4,7,"Окончания лица у глагола: я, мы, ты, Вы",4,vb.30,example,nav2.7.4.src.vb.27,1,PASS
nav2.7.4,7.4,7,"Окончания лица у глагола: я, мы, ты, Вы",5,vb.31,example,nav2.7.4.src.vb.31,2,PASS
nav2.7.4,7.4,7,"Окончания лица у глагола: я, мы, ты, Вы",6,vb.32,example,nav2.7.4.src.vb.31,2,PASS
nav2.7.4,7.4,7,"Окончания лица у глагола: я, мы, ты, Вы",7,vb.33,example,nav2.7.4.src.vb.31,2,PASS
nav2.7.4,7.4,7,"Окончания лица у глагола: я, мы, ты, Вы",8,vb.34,example,nav2.7.4.src.vb.31,2,PASS
nav2.7.4,7.4,7,"Окончания лица у глагола: я, мы, ты, Вы",9,vb.35,example,nav2.7.4.src.vb.35,3,PASS
nav2.7.4,7.4,7,"Окончания лица у глагола: я, мы, ты, Вы",10,vb.36,example,nav2.7.4.src.vb.35,3,PASS
nav2.7.4,7.4,7,"Окончания лица у глагола: я, мы, ты, Вы",11,vb.37,example,nav2.7.4.src.vb.35,3,PASS
nav2.7.4,7.4,7,"Окончания лица у глагола: я, мы, ты, Вы",12,vb.38,example,nav2.7.4.src.vb.35,3,PASS
nav2.7.5,7.5,7,Условие: если придёт,1,vb.39,subheading,nav2.7.5.src.vb.39,1,PASS
nav2.7.5,7.5,7,Условие: если придёт,2,vb.40,paragraph,nav2.7.5.src.vb.39,1,PASS
nav2.7.5,7.5,7,Условие: если придёт,3,vb.41,example,nav2.7.5.src.vb.39,1,PASS
nav2.7.5,7.5,7,Условие: если придёт,4,vb.42,example,nav2.7.5.src.vb.39,1,PASS
nav2.7.5,7.5,7,Условие: если придёт,5,vb.43,example,nav2.7.5.src.vb.43,2,PASS
nav2.7.5,7.5,7,Условие: если придёт,6,vb.44,example,nav2.7.5.src.vb.43,2,PASS
nav2.7.5,7.5,7,Условие: если придёт,7,vb.45,example,nav2.7.5.src.vb.43,2,PASS
nav2.7.5,7.5,7,Условие: если придёт,8,vb.46,example,nav2.7.5.src.vb.43,2,PASS
nav2.7.5,7.5,7,Условие: если придёт,9,vb.47,example,nav2.7.5.src.vb.47,3,PASS
nav2.7.5,7.5,7,Условие: если придёт,10,vb.48,example,nav2.7.5.src.vb.47,3,PASS
nav2.7.6,7.6,7,"Причастие: человек, который пришёл",1,vb.49,subheading,nav2.7.6.src.vb.49,1,PASS
nav2.7.6,7.6,7,"Причастие: человек, который пришёл",2,vb.50,paragraph,nav2.7.6.src.vb.49,1,PASS
nav2.7.6,7.6,7,"Причастие: человек, который пришёл",3,vb.51,example,nav2.7.6.src.vb.49,1,PASS
nav2.7.6,7.6,7,"Причастие: человек, который пришёл",4,vb.52,example,nav2.7.6.src.vb.49,1,PASS
nav2.7.6,7.6,7,"Причастие: человек, который пришёл",5,vb.53,example,nav2.7.6.src.vb.53,2,PASS
nav2.7.6,7.6,7,"Причастие: человек, который пришёл",6,vb.54,example,nav2.7.6.src.vb.53,2,PASS
nav2.7.6,7.6,7,"Причастие: человек, который пришёл",7,vb.55,example,nav2.7.6.src.vb.53,2,PASS
nav2.7.6,7.6,7,"Причастие: человек, который пришёл",8,vb.56,example,nav2.7.6.src.vb.53,2,PASS
nav2.7.6,7.6,7,"Причастие: человек, который пришёл",9,vb.57,warning,nav2.7.6.src.vb.57,3,PASS
nav2.7.7,7.7,7,Причастие вместо названия человека или предмета,1,vb.49,subheading,nav2.7.7.src.vb.49,1,PASS
nav2.7.7,7.7,7,Причастие вместо названия человека или предмета,2,vb.50,paragraph,nav2.7.7.src.vb.49,1,PASS
nav2.7.7,7.7,7,Причастие вместо названия человека или предмета,3,vb.51,example,nav2.7.7.src.vb.49,1,PASS
nav2.7.7,7.7,7,Причастие вместо названия человека или предмета,4,vb.52,example,nav2.7.7.src.vb.49,1,PASS
nav2.7.7,7.7,7,Причастие вместо названия человека или предмета,5,vb.53,example,nav2.7.7.src.vb.53,2,PASS
nav2.7.7,7.7,7,Причастие вместо названия человека или предмета,6,vb.54,example,nav2.7.7.src.vb.53,2,PASS
nav2.7.7,7.7,7,Причастие вместо названия человека или предмета,7,vb.55,example,nav2.7.7.src.vb.53,2,PASS
nav2.7.7,7.7,7,Причастие вместо названия человека или предмета,8,vb.56,example,nav2.7.7.src.vb.53,2,PASS
nav2.7.7,7.7,7,Причастие вместо названия человека или предмета,9,vb.57,warning,nav2.7.7.src.vb.57,3,PASS
nav2.7.8,7.8,7,"Деепричастие: сначала одно действие, затем другое",1,vb.58,subheading,nav2.7.8.src.vb.58,1,PASS
nav2.7.8,7.8,7,"Деепричастие: сначала одно действие, затем другое",2,vb.59,paragraph,nav2.7.8.src.vb.58,1,PASS
nav2.7.8,7.8,7,"Деепричастие: сначала одно действие, затем другое",3,vb.60,example,nav2.7.8.src.vb.58,1,PASS
nav2.7.8,7.8,7,"Деепричастие: сначала одно действие, затем другое",4,vb.61,example,nav2.7.8.src.vb.58,1,PASS
nav2.7.8,7.8,7,"Деепричастие: сначала одно действие, затем другое",5,vb.62,example,nav2.7.8.src.vb.62,2,PASS
nav2.7.8,7.8,7,"Деепричастие: сначала одно действие, затем другое",6,vb.63,example,nav2.7.8.src.vb.62,2,PASS
nav2.7.8,7.8,7,"Деепричастие: сначала одно действие, затем другое",7,vb.64,example,nav2.7.8.src.vb.62,2,PASS
nav2.7.8,7.8,7,"Деепричастие: сначала одно действие, затем другое",8,vb.65,example,nav2.7.8.src.vb.62,2,PASS
nav2.7.8,7.8,7,"Деепричастие: сначала одно действие, затем другое",9,vb.66,example,nav2.7.8.src.vb.66,3,PASS
nav2.7.9,7.9,7,Деепричастие: как выполняется действие,1,vb.58,subheading,nav2.7.9.src.vb.58,1,PASS
nav2.7.9,7.9,7,Деепричастие: как выполняется действие,2,vb.59,paragraph,nav2.7.9.src.vb.58,1,PASS
nav2.7.9,7.9,7,Деепричастие: как выполняется действие,3,vb.60,example,nav2.7.9.src.vb.58,1,PASS
nav2.7.9,7.9,7,Деепричастие: как выполняется действие,4,vb.61,example,nav2.7.9.src.vb.58,1,PASS
nav2.7.9,7.9,7,Деепричастие: как выполняется действие,5,vb.62,example,nav2.7.9.src.vb.62,2,PASS
nav2.7.9,7.9,7,Деепричастие: как выполняется действие,6,vb.63,example,nav2.7.9.src.vb.62,2,PASS
nav2.7.9,7.9,7,Деепричастие: как выполняется действие,7,vb.64,example,nav2.7.9.src.vb.62,2,PASS
nav2.7.9,7.9,7,Деепричастие: как выполняется действие,8,vb.65,example,nav2.7.9.src.vb.62,2,PASS
nav2.7.9,7.9,7,Деепричастие: как выполняется действие,9,vb.66,example,nav2.7.9.src.vb.66,3,PASS
nav2.7.10,7.10,7,Формы глагола: соединяем изученное,1,vb.72,subheading,nav2.7.10.src.vb.72,1,PASS
nav2.7.10,7.10,7,Формы глагола: соединяем изученное,2,vb.73,paragraph,nav2.7.10.src.vb.72,1,PASS
nav2.7.10,7.10,7,Формы глагола: соединяем изученное,3,vb.74,example,nav2.7.10.src.vb.72,1,PASS
nav2.7.10,7.10,7,Формы глагола: соединяем изученное,4,vb.75,example,nav2.7.10.src.vb.72,1,PASS
nav2.7.10,7.10,7,Формы глагола: соединяем изученное,5,vb.76,example,nav2.7.10.src.vb.76,2,PASS
nav2.7.10,7.10,7,Формы глагола: соединяем изученное,6,vb.77,example,nav2.7.10.src.vb.76,2,PASS
nav2.7.10,7.10,7,Формы глагола: соединяем изученное,7,vb.78,example,nav2.7.10.src.vb.76,2,PASS
nav2.7.10,7.10,7,Формы глагола: соединяем изученное,8,vb.79,example,nav2.7.10.src.vb.76,2,PASS
nav2.7.10,7.10,7,Формы глагола: соединяем изученное,9,vb.80,try,nav2.7.10.src.vb.80,3,PASS
nav2.7.10,7.10,7,Формы глагола: соединяем изученное,10,vb.81,warning,nav2.7.10.src.vb.81,4,PASS
nav2.7.10,7.10,7,Формы глагола: соединяем изученное,11,vb.83,paragraph,nav2.7.10.src.vb.81,4,PASS
nav2.7.10,7.10,7,Формы глагола: соединяем изученное,12,vb.84,paragraph,nav2.7.10.src.vb.81,4,PASS
nav2.7.10,7.10,7,Формы глагола: соединяем изученное,13,vb.85,paragraph,nav2.7.10.src.vb.81,4,PASS
nav2.7.10,7.10,7,Формы глагола: соединяем изученное,14,vb.82,list,nav2.7.10.src.vb.82,5,PASS
