sourceUnitId,sourceLesson,type,required,renderTargetCount,renderTargets,status
dat.1,learner.dat.kuda,subheading,YES,1,nav2.4.1:nav2.4.1.src.dat.1,PASS
dat.2,learner.dat.kuda,paragraph,YES,1,nav2.4.1:nav2.4.1.src.dat.1,PASS
dat.3,learner.dat.kuda,example,YES,1,nav2.4.1:nav2.4.1.src.dat.1,PASS
dat.4,learner.dat.kuda,paragraph,YES,1,nav2.4.1:nav2.4.1.src.dat.1,PASS
dat.5,learner.dat.kuda,warning,YES,1,nav2.4.1:nav2.4.1.src.dat.5,PASS
dat.6,learner.dat.kuda,subheading,YES,1,nav2.4.1:nav2.4.1.src.dat.6,PASS
dat.7,learner.dat.kuda,table,YES,1,nav2.4.1:nav2.4.1.src.dat.6,PASS
dat.8,learner.dat.kuda,paragraph,YES,1,nav2.4.1:nav2.4.1.src.dat.8,PASS
dat.9,learner.dat.kuda,subheading,YES,1,nav2.4.5:nav2.4.5.src.dat.9,PASS
dat.10,learner.dat.kuda,paragraph,YES,1,nav2.4.5:nav2.4.5.src.dat.9,PASS
dat.11,learner.dat.kuda,paragraph,YES,1,nav2.4.5:nav2.4.5.src.dat.9,PASS
dat.12,learner.dat.kuda,paragraph,YES,1,nav2.4.5:nav2.4.5.src.dat.9,PASS
dat.13,learner.dat.kuda,subheading,YES,2,nav2.1.2:nav2.1.2.src.dat.13|nav2.4.1:nav2.4.1.src.dat.13,PASS
dat.14,learner.dat.kuda,paragraph,YES,2,nav2.1.2:nav2.1.2.src.dat.13|nav2.4.1:nav2.4.1.src.dat.13,PASS
dat.15,learner.dat.kuda,link,YES,2,nav2.1.2:nav2.1.2.src.dat.13|nav2.4.1:nav2.4.1.src.dat.13,PASS
dat.16,learner.dat.kuda,subheading,YES,1,nav2.1.2:nav2.1.2.src.dat.16,PASS
dat.17,learner.dat.kuda,paragraph,YES,1,nav2.1.2:nav2.1.2.src.dat.16,PASS
dat.17b,learner.dat.kuda,warning,YES,1,nav2.1.2:nav2.1.2.src.dat.16,PASS
dat.17c,learner.dat.kuda,paragraph,YES,1,nav2.1.2:nav2.1.2.src.dat.16,PASS
dat.18,learner.dat.kuda,example,YES,1,nav2.1.2:nav2.1.2.src.dat.18,PASS
dat.19,learner.dat.kuda,example,YES,1,nav2.1.2:nav2.1.2.src.dat.18,PASS
dat.20,learner.dat.kuda,example,YES,1,nav2.1.2:nav2.1.2.src.dat.18,PASS
dat.20b,learner.dat.kuda,example,YES,1,nav2.1.2:nav2.1.2.src.dat.18,PASS
dat.20c,learner.dat.kuda,example,YES,1,nav2.1.2:nav2.1.2.src.dat.20c,PASS
dat.20d,learner.dat.kuda,example,YES,1,nav2.1.2:nav2.1.2.src.dat.20c,PASS
dat.20e,learner.dat.kuda,example,YES,1,nav2.1.2:nav2.1.2.src.dat.20c,PASS
dat.20f,learner.dat.kuda,example,YES,1,nav2.1.2:nav2.1.2.src.dat.20c,PASS
dat.20g,learner.dat.kuda,example,YES,1,nav2.1.2:nav2.1.2.src.dat.20g,PASS
dat.20h,learner.dat.kuda,example,YES,1,nav2.1.2:nav2.1.2.src.dat.20g,PASS
dat.20i,learner.dat.kuda,example,YES,1,nav2.1.2:nav2.1.2.src.dat.20g,PASS
dat.20j,learner.dat.kuda,example,YES,1,nav2.1.2:nav2.1.2.src.dat.20g,PASS
dat.20k,learner.dat.kuda,example,YES,1,nav2.1.2:nav2.1.2.src.dat.20k,PASS
dat.20l,learner.dat.kuda,example,YES,1,nav2.1.2:nav2.1.2.src.dat.20k,PASS
dat.21,learner.dat.kuda,warning,YES,1,nav2.1.2:nav2.1.2.src.dat.20k,PASS
dat.22,learner.dat.kuda,subheading,YES,1,nav2.4.1:nav2.4.1.src.dat.22,PASS
dat.23,learner.dat.kuda,paragraph,YES,1,nav2.4.1:nav2.4.1.src.dat.22,PASS
dat.24,learner.dat.kuda,example,YES,1,nav2.4.1:nav2.4.1.src.dat.22,PASS
dat.25,learner.dat.kuda,example,YES,1,nav2.4.1:nav2.4.1.src.dat.22,PASS
dat.26,learner.dat.kuda,paragraph,YES,1,nav2.4.1:nav2.4.1.src.dat.26,PASS
dat.27,learner.dat.kuda,paragraph,YES,1,nav2.4.1:nav2.4.1.src.dat.26,PASS
dat.28,learner.dat.kuda,table,YES,1,nav2.4.1:nav2.4.1.src.dat.28,PASS
dat.29,learner.dat.kuda,paragraph,YES,1,nav2.4.1:nav2.4.1.src.dat.29,PASS
dat.30,learner.dat.kuda,paragraph,YES,1,nav2.4.1:nav2.4.1.src.dat.29,PASS
dat.31,learner.dat.kuda,subheading,YES,1,nav2.4.1:nav2.4.1.src.dat.31,PASS
dat.32,learner.dat.kuda,paragraph,YES,1,nav2.4.1:nav2.4.1.src.dat.31,PASS
dat.33,learner.dat.kuda,try,YES,1,nav2.4.1:nav2.4.1.src.dat.33,PASS
dat.34,learner.dat.kuda,try,YES,1,nav2.4.1:nav2.4.1.src.dat.34,PASS
dat.35,learner.dat.kuda,paragraph,YES,1,nav2.4.1:nav2.4.1.src.dat.35,PASS
dat.36,learner.dat.kuda,subheading,YES,1,nav2.4.2:nav2.4.2.src.dat.36,PASS
dat.37,learner.dat.kuda,paragraph,YES,1,nav2.4.2:nav2.4.2.src.dat.36,PASS
dat.38,learner.dat.kuda,example,YES,1,nav2.4.2:nav2.4.2.src.dat.36,PASS
dat.39,learner.dat.kuda,paragraph,YES,1,nav2.4.2:nav2.4.2.src.dat.36,PASS
dat.40,learner.dat.kuda,paragraph,YES,1,nav2.4.2:nav2.4.2.src.dat.40,PASS
dat.41,learner.dat.kuda,subheading,YES,1,nav2.4.5:nav2.4.5.src.dat.41,PASS
dat.42,learner.dat.kuda,table,YES,1,nav2.4.5:nav2.4.5.src.dat.41,PASS
dat.43,learner.dat.kuda,example,YES,1,nav2.4.5:nav2.4.5.src.dat.43,PASS
dat.44,learner.dat.kuda,example,YES,1,nav2.4.5:nav2.4.5.src.dat.43,PASS
dat.45,learner.dat.kuda,warning,YES,1,nav2.4.5:nav2.4.5.src.dat.43,PASS
dat.46,learner.dat.kuda,subheading,YES,2,nav2.4.1:nav2.4.1.src.dat.46|nav2.6.2:nav2.6.2.src.dat.46,PASS
dat.47,learner.dat.kuda,paragraph,YES,2,nav2.4.1:nav2.4.1.src.dat.46|nav2.6.2:nav2.6.2.src.dat.46,PASS
dat.48,learner.dat.kuda,example,YES,2,nav2.4.1:nav2.4.1.src.dat.46|nav2.6.2:nav2.6.2.src.dat.46,PASS
dat.49,learner.dat.kuda,warning,YES,2,nav2.4.1:nav2.4.1.src.dat.46|nav2.6.2:nav2.6.2.src.dat.46,PASS
dat.50,learner.dat.kuda,warning,YES,2,nav2.4.1:nav2.4.1.src.dat.50|nav2.6.2:nav2.6.2.src.dat.50,PASS
dat.51,learner.dat.kuda,term,YES,2,nav2.4.1:nav2.4.1.src.dat.50|nav2.6.2:nav2.6.2.src.dat.50,PASS
dat.53,learner.dat.kuda,paragraph,YES,2,nav2.4.1:nav2.4.1.src.dat.50|nav2.6.2:nav2.6.2.src.dat.50,PASS
dat.52,learner.dat.kuda,paragraph,YES,2,nav2.4.1:nav2.4.1.src.dat.50|nav2.6.2:nav2.6.2.src.dat.50,PASS
dat.54,learner.dat.kuda,paragraph,YES,2,nav2.4.1:nav2.4.1.src.dat.54|nav2.6.2:nav2.6.2.src.dat.54,PASS
dat.55,learner.dat.kuda,paragraph,YES,2,nav2.4.1:nav2.4.1.src.dat.54|nav2.6.2:nav2.6.2.src.dat.54,PASS
poss.1,learner.poss.owner,subheading,YES,1,nav2.3.1:nav2.3.1.src.poss.1,PASS
poss.2,learner.poss.owner,paragraph,YES,1,nav2.3.1:nav2.3.1.src.poss.1,PASS
poss.3,learner.poss.owner,example,YES,1,nav2.3.1:nav2.3.1.src.poss.1,PASS
poss.4,learner.poss.owner,paragraph,YES,1,nav2.3.1:nav2.3.1.src.poss.1,PASS
poss.5,learner.poss.owner,paragraph,YES,1,nav2.3.1:nav2.3.1.src.poss.5,PASS
poss.6,learner.poss.owner,subheading,YES,2,nav2.3.1:nav2.3.1.src.poss.6|nav2.3.2:nav2.3.2.src.poss.6,PASS
poss.7,learner.poss.owner,example,YES,2,nav2.3.1:nav2.3.1.src.poss.6|nav2.3.2:nav2.3.2.src.poss.6,PASS
poss.8,learner.poss.owner,example,YES,2,nav2.3.1:nav2.3.1.src.poss.6|nav2.3.2:nav2.3.2.src.poss.6,PASS
poss.9,learner.poss.owner,paragraph,YES,2,nav2.3.1:nav2.3.1.src.poss.6|nav2.3.2:nav2.3.2.src.poss.6,PASS
poss.10,learner.poss.owner,example,YES,2,nav2.3.1:nav2.3.1.src.poss.10|nav2.3.2:nav2.3.2.src.poss.10,PASS
poss.11,learner.poss.owner,example,YES,2,nav2.3.1:nav2.3.1.src.poss.10|nav2.3.2:nav2.3.2.src.poss.10,PASS
poss.11b,learner.poss.owner,example,YES,2,nav2.3.1:nav2.3.1.src.poss.10|nav2.3.2:nav2.3.2.src.poss.10,PASS
poss.11c,learner.poss.owner,example,YES,2,nav2.3.1:nav2.3.1.src.poss.10|nav2.3.2:nav2.3.2.src.poss.10,PASS
poss.11d,learner.poss.owner,example,YES,2,nav2.3.1:nav2.3.1.src.poss.11d|nav2.3.2:nav2.3.2.src.poss.11d,PASS
poss.11e,learner.poss.owner,example,YES,2,nav2.3.1:nav2.3.1.src.poss.11d|nav2.3.2:nav2.3.2.src.poss.11d,PASS
poss.11f,learner.poss.owner,example,YES,2,nav2.3.1:nav2.3.1.src.poss.11d|nav2.3.2:nav2.3.2.src.poss.11d,PASS
poss.11g,learner.poss.owner,example,YES,2,nav2.3.1:nav2.3.1.src.poss.11d|nav2.3.2:nav2.3.2.src.poss.11d,PASS
poss.11h,learner.poss.owner,example,YES,2,nav2.3.1:nav2.3.1.src.poss.11h|nav2.3.2:nav2.3.2.src.poss.11h,PASS
poss.11i,learner.poss.owner,example,YES,2,nav2.3.1:nav2.3.1.src.poss.11h|nav2.3.2:nav2.3.2.src.poss.11h,PASS
poss.11j,learner.poss.owner,example,YES,2,nav2.3.1:nav2.3.1.src.poss.11h|nav2.3.2:nav2.3.2.src.poss.11h,PASS
poss.11k,learner.poss.owner,example,YES,2,nav2.3.1:nav2.3.1.src.poss.11h|nav2.3.2:nav2.3.2.src.poss.11h,PASS
poss.11l,learner.poss.owner,example,YES,2,nav2.3.1:nav2.3.1.src.poss.11l|nav2.3.2:nav2.3.2.src.poss.11l,PASS
poss.11m,learner.poss.owner,example,YES,2,nav2.3.1:nav2.3.1.src.poss.11l|nav2.3.2:nav2.3.2.src.poss.11l,PASS
poss.11n,learner.poss.owner,example,YES,2,nav2.3.1:nav2.3.1.src.poss.11l|nav2.3.2:nav2.3.2.src.poss.11l,PASS
poss.11o,learner.poss.owner,example,YES,2,nav2.3.1:nav2.3.1.src.poss.11l|nav2.3.2:nav2.3.2.src.poss.11l,PASS
poss.11p,learner.poss.owner,example,YES,2,nav2.3.1:nav2.3.1.src.poss.11p|nav2.3.2:nav2.3.2.src.poss.11p,PASS
poss.11q,learner.poss.owner,example,YES,2,nav2.3.1:nav2.3.1.src.poss.11p|nav2.3.2:nav2.3.2.src.poss.11p,PASS
poss.11r,learner.poss.owner,example,YES,2,nav2.3.1:nav2.3.1.src.poss.11p|nav2.3.2:nav2.3.2.src.poss.11p,PASS
poss.12,learner.poss.owner,paragraph,YES,2,nav2.3.1:nav2.3.1.src.poss.11p|nav2.3.2:nav2.3.2.src.poss.11p,PASS
poss.13,learner.poss.owner,warning,YES,2,nav2.3.1:nav2.3.1.src.poss.13|nav2.3.2:nav2.3.2.src.poss.13,PASS
poss.14,learner.poss.owner,subheading,YES,1,nav2.3.3:nav2.3.3.src.poss.14,PASS
poss.15,learner.poss.owner,example,YES,1,nav2.3.3:nav2.3.3.src.poss.14,PASS
poss.16,learner.poss.owner,example,YES,1,nav2.3.3:nav2.3.3.src.poss.14,PASS
poss.17,learner.poss.owner,paragraph,YES,1,nav2.3.3:nav2.3.3.src.poss.14,PASS
poss.18,learner.poss.owner,list,YES,1,nav2.3.3:nav2.3.3.src.poss.18,PASS
poss.19,learner.poss.owner,paragraph,YES,1,nav2.3.3:nav2.3.3.src.poss.19,PASS
poss.20,learner.poss.owner,subheading,YES,1,nav2.3.1:nav2.3.1.src.poss.20,PASS
poss.21,learner.poss.owner,example,YES,1,nav2.3.1:nav2.3.1.src.poss.20,PASS
poss.22,learner.poss.owner,example,YES,1,nav2.3.1:nav2.3.1.src.poss.20,PASS
poss.23,learner.poss.owner,example,YES,1,nav2.3.1:nav2.3.1.src.poss.20,PASS
poss.24,learner.poss.owner,paragraph,YES,1,nav2.3.1:nav2.3.1.src.poss.24,PASS
poss.25,learner.poss.owner,warning,YES,1,nav2.3.1:nav2.3.1.src.poss.24,PASS
poss.26,learner.poss.owner,subheading,YES,2,nav2.3.4:nav2.3.4.src.poss.26|nav2.3.5:nav2.3.5.src.poss.26,PASS
poss.27,learner.poss.owner,paragraph,YES,2,nav2.3.4:nav2.3.4.src.poss.26|nav2.3.5:nav2.3.5.src.poss.26,PASS
poss.28,learner.poss.owner,table,YES,2,nav2.3.4:nav2.3.4.src.poss.28|nav2.3.5:nav2.3.5.src.poss.28,PASS
poss.28b,learner.poss.owner,paragraph,YES,2,nav2.3.4:nav2.3.4.src.poss.28b|nav2.3.5:nav2.3.5.src.poss.28b,PASS
poss.29,learner.poss.owner,example,YES,2,nav2.3.4:nav2.3.4.src.poss.28b|nav2.3.5:nav2.3.5.src.poss.28b,PASS
poss.30,learner.poss.owner,example,YES,2,nav2.3.4:nav2.3.4.src.poss.28b|nav2.3.5:nav2.3.5.src.poss.28b,PASS
poss.31,learner.poss.owner,example,YES,2,nav2.3.4:nav2.3.4.src.poss.28b|nav2.3.5:nav2.3.5.src.poss.28b,PASS
poss.32,learner.poss.owner,example,YES,2,nav2.3.4:nav2.3.4.src.poss.32|nav2.3.5:nav2.3.5.src.poss.32,PASS
poss.33,learner.poss.owner,example,YES,2,nav2.3.4:nav2.3.4.src.poss.32|nav2.3.5:nav2.3.5.src.poss.32,PASS
poss.34,learner.poss.owner,example,YES,2,nav2.3.4:nav2.3.4.src.poss.32|nav2.3.5:nav2.3.5.src.poss.32,PASS
poss.35,learner.poss.owner,example,YES,2,nav2.3.4:nav2.3.4.src.poss.32|nav2.3.5:nav2.3.5.src.poss.32,PASS
poss.36,learner.poss.owner,example,YES,2,nav2.3.4:nav2.3.4.src.poss.36|nav2.3.5:nav2.3.5.src.poss.36,PASS
poss.37,learner.poss.owner,warning,YES,2,nav2.3.4:nav2.3.4.src.poss.36|nav2.3.5:nav2.3.5.src.poss.36,PASS
poss.38,learner.poss.owner,subheading,YES,1,nav2.3.7:nav2.3.7.src.poss.38,PASS
poss.39,learner.poss.owner,paragraph,YES,1,nav2.3.7:nav2.3.7.src.poss.38,PASS
poss.40,learner.poss.owner,example,YES,1,nav2.3.7:nav2.3.7.src.poss.38,PASS
poss.41,learner.poss.owner,paragraph,YES,1,nav2.3.7:nav2.3.7.src.poss.38,PASS
poss.42,learner.poss.owner,example,YES,1,nav2.3.7:nav2.3.7.src.poss.42,PASS
poss.43,learner.poss.owner,example,YES,1,nav2.3.7:nav2.3.7.src.poss.42,PASS
poss.44,learner.poss.owner,paragraph,YES,1,nav2.3.7:nav2.3.7.src.poss.42,PASS
poss.45,learner.poss.owner,example,YES,1,nav2.3.7:nav2.3.7.src.poss.42,PASS
poss.46,learner.poss.owner,example,YES,1,nav2.3.7:nav2.3.7.src.poss.46,PASS
poss.47,learner.poss.owner,example,YES,1,nav2.3.7:nav2.3.7.src.poss.46,PASS
poss.48,learner.poss.owner,example,YES,1,nav2.3.7:nav2.3.7.src.poss.46,PASS
poss.49,learner.poss.owner,warning,YES,1,nav2.3.7:nav2.3.7.src.poss.46,PASS
poss.50,learner.poss.owner,subheading,YES,1,nav2.6.2:nav2.6.2.src.poss.50,PASS
poss.51,learner.poss.owner,try,YES,1,nav2.6.2:nav2.6.2.src.poss.50,PASS
poss.52,learner.poss.owner,paragraph,YES,1,nav2.6.2:nav2.6.2.src.poss.52,PASS
poss.53,learner.poss.owner,paragraph,YES,1,nav2.6.2:nav2.6.2.src.poss.52,PASS
poss.54,learner.poss.owner,paragraph,YES,1,nav2.6.2:nav2.6.2.src.poss.52,PASS
poss.55,learner.poss.owner,subheading,YES,1,nav2.6.2:nav2.6.2.src.poss.55,PASS
poss.56,learner.poss.owner,paragraph,YES,1,nav2.6.2:nav2.6.2.src.poss.55,PASS
poss.57,learner.poss.owner,example,YES,1,nav2.6.2:nav2.6.2.src.poss.55,PASS
poss.58,learner.poss.owner,example,YES,1,nav2.6.2:nav2.6.2.src.poss.55,PASS
poss.59,learner.poss.owner,paragraph,YES,1,nav2.6.2:nav2.6.2.src.poss.59,PASS
poss.60,learner.poss.owner,table,YES,1,nav2.6.2:nav2.6.2.src.poss.60,PASS
poss.61,learner.poss.owner,example,YES,1,nav2.6.2:nav2.6.2.src.poss.61,PASS
poss.62,learner.poss.owner,example,YES,1,nav2.6.2:nav2.6.2.src.poss.61,PASS
poss.63,learner.poss.owner,example,YES,1,nav2.6.2:nav2.6.2.src.poss.61,PASS
poss.64,learner.poss.owner,warning,YES,1,nav2.6.2:nav2.6.2.src.poss.61,PASS
poss.65,learner.poss.owner,paragraph,YES,1,nav2.6.2:nav2.6.2.src.poss.65,PASS
poss.66,learner.poss.owner,example,YES,1,nav2.6.2:nav2.6.2.src.poss.65,PASS
poss.67,learner.poss.owner,example,YES,1,nav2.6.2:nav2.6.2.src.poss.65,PASS
poss.68,learner.poss.owner,example,YES,1,nav2.6.2:nav2.6.2.src.poss.65,PASS
poss.69,learner.poss.owner,example,YES,1,nav2.6.2:nav2.6.2.src.poss.69,PASS
poss.70,learner.poss.owner,subheading,YES,1,nav2.6.4:nav2.6.4.src.poss.70,PASS
poss.71,learner.poss.owner,example,YES,1,nav2.6.4:nav2.6.4.src.poss.70,PASS
poss.72,learner.poss.owner,example,YES,1,nav2.6.4:nav2.6.4.src.poss.70,PASS
poss.73,learner.poss.owner,example,YES,1,nav2.6.4:nav2.6.4.src.poss.70,PASS
poss.74,learner.poss.owner,paragraph,YES,1,nav2.6.4:nav2.6.4.src.poss.74,PASS
poss.75,learner.poss.owner,term,YES,1,nav2.6.4:nav2.6.4.src.poss.74,PASS
poss.76,learner.poss.owner,paragraph,YES,1,nav2.6.4:nav2.6.4.src.poss.74,PASS
poss.77,learner.poss.owner,subheading,YES,2,nav2.3.7:nav2.3.7.src.poss.77|nav2.5.5:nav2.5.5.src.poss.77,PASS
poss.79,learner.poss.owner,paragraph,YES,2,nav2.3.7:nav2.3.7.src.poss.77|nav2.5.5:nav2.5.5.src.poss.77,PASS
poss.80,learner.poss.owner,paragraph,YES,2,nav2.3.7:nav2.3.7.src.poss.77|nav2.5.5:nav2.5.5.src.poss.77,PASS
poss.78,learner.poss.owner,list,YES,2,nav2.3.7:nav2.3.7.src.poss.78|nav2.5.5:nav2.5.5.src.poss.78,PASS
loc.1,learner.loc.where,subheading,YES,1,nav2.4.3:nav2.4.3.src.loc.1,PASS
loc.2,learner.loc.where,paragraph,YES,1,nav2.4.3:nav2.4.3.src.loc.1,PASS
loc.3,learner.loc.where,example,YES,1,nav2.4.3:nav2.4.3.src.loc.1,PASS
loc.4,learner.loc.where,paragraph,YES,1,nav2.4.3:nav2.4.3.src.loc.1,PASS
loc.5,learner.loc.where,warning,YES,1,nav2.4.3:nav2.4.3.src.loc.5,PASS
loc.6,learner.loc.where,subheading,YES,1,nav2.4.3:nav2.4.3.src.loc.6,PASS
loc.7,learner.loc.where,table,YES,1,nav2.4.3:nav2.4.3.src.loc.6,PASS
loc.7b,learner.loc.where,example,YES,1,nav2.4.3:nav2.4.3.src.loc.7b,PASS
loc.7c,learner.loc.where,example,YES,1,nav2.4.3:nav2.4.3.src.loc.7b,PASS
loc.7d,learner.loc.where,example,YES,1,nav2.4.3:nav2.4.3.src.loc.7b,PASS
loc.7e,learner.loc.where,example,YES,1,nav2.4.3:nav2.4.3.src.loc.7b,PASS
loc.7f,learner.loc.where,example,YES,1,nav2.4.3:nav2.4.3.src.loc.7f,PASS
loc.7g,learner.loc.where,example,YES,1,nav2.4.3:nav2.4.3.src.loc.7f,PASS
loc.7h,learner.loc.where,example,YES,1,nav2.4.3:nav2.4.3.src.loc.7f,PASS
loc.7i,learner.loc.where,example,YES,1,nav2.4.3:nav2.4.3.src.loc.7f,PASS
loc.7j,learner.loc.where,example,YES,1,nav2.4.3:nav2.4.3.src.loc.7j,PASS
loc.8,learner.loc.where,table,YES,1,nav2.4.3:nav2.4.3.src.loc.8,PASS
loc.9,learner.loc.where,example,YES,1,nav2.4.3:nav2.4.3.src.loc.9,PASS
loc.10,learner.loc.where,example,YES,1,nav2.4.3:nav2.4.3.src.loc.9,PASS
loc.11,learner.loc.where,subheading,YES,1,nav2.4.3:nav2.4.3.src.loc.11,PASS
loc.12,learner.loc.where,paragraph,YES,1,nav2.4.3:nav2.4.3.src.loc.11,PASS
loc.13,learner.loc.where,paragraph,YES,1,nav2.4.3:nav2.4.3.src.loc.11,PASS
loc.14,learner.loc.where,paragraph,YES,1,nav2.4.3:nav2.4.3.src.loc.11,PASS
loc.15,learner.loc.where,table,YES,1,nav2.4.3:nav2.4.3.src.loc.15,PASS
loc.16,learner.loc.where,paragraph,YES,1,nav2.4.3:nav2.4.3.src.loc.16,PASS
loc.17,learner.loc.where,warning,YES,1,nav2.4.3:nav2.4.3.src.loc.16,PASS
loc.18,learner.loc.where,subheading,YES,1,nav2.4.3:nav2.4.3.src.loc.18,PASS
loc.19,learner.loc.where,paragraph,YES,1,nav2.4.3:nav2.4.3.src.loc.18,PASS
loc.20,learner.loc.where,try,YES,1,nav2.4.3:nav2.4.3.src.loc.20,PASS
loc.21,learner.loc.where,subheading,YES,1,nav2.6.3:nav2.6.3.src.loc.21,PASS
loc.22,learner.loc.where,example,YES,1,nav2.6.3:nav2.6.3.src.loc.21,PASS
loc.23,learner.loc.where,paragraph,YES,1,nav2.6.3:nav2.6.3.src.loc.21,PASS
loc.24,learner.loc.where,link,YES,1,nav2.6.3:nav2.6.3.src.loc.21,PASS
loc.25,learner.loc.where,warning,YES,1,nav2.6.3:nav2.6.3.src.loc.25,PASS
loc.26,learner.loc.where,term,YES,1,nav2.6.3:nav2.6.3.src.loc.25,PASS
loc.27,learner.loc.where,paragraph,YES,1,nav2.6.3:nav2.6.3.src.loc.25,PASS
loc.28,learner.loc.where,paragraph,YES,1,nav2.6.3:nav2.6.3.src.loc.25,PASS
pl.1,learner.pl.several,subheading,YES,2,nav2.1.1:nav2.1.1.src.pl.1|nav2.2.1:nav2.2.1.src.pl.1,PASS
pl.2,learner.pl.several,paragraph,YES,2,nav2.1.1:nav2.1.1.src.pl.1|nav2.2.1:nav2.2.1.src.pl.1,PASS
pl.3,learner.pl.several,example,YES,2,nav2.1.1:nav2.1.1.src.pl.1|nav2.2.1:nav2.2.1.src.pl.1,PASS
pl.4,learner.pl.several,example,YES,2,nav2.1.1:nav2.1.1.src.pl.1|nav2.2.1:nav2.2.1.src.pl.1,PASS
pl.5,learner.pl.several,example,YES,2,nav2.1.1:nav2.1.1.src.pl.5|nav2.2.1:nav2.2.1.src.pl.5,PASS
pl.5b,learner.pl.several,example,YES,2,nav2.1.1:nav2.1.1.src.pl.5|nav2.2.1:nav2.2.1.src.pl.5,PASS
pl.5c,learner.pl.several,example,YES,2,nav2.1.1:nav2.1.1.src.pl.5|nav2.2.1:nav2.2.1.src.pl.5,PASS
pl.5d,learner.pl.several,example,YES,2,nav2.1.1:nav2.1.1.src.pl.5|nav2.2.1:nav2.2.1.src.pl.5,PASS
pl.5e,learner.pl.several,example,YES,2,nav2.1.1:nav2.1.1.src.pl.5e|nav2.2.1:nav2.2.1.src.pl.5e,PASS
pl.5f,learner.pl.several,example,YES,2,nav2.1.1:nav2.1.1.src.pl.5e|nav2.2.1:nav2.2.1.src.pl.5e,PASS
pl.5g,learner.pl.several,example,YES,2,nav2.1.1:nav2.1.1.src.pl.5e|nav2.2.1:nav2.2.1.src.pl.5e,PASS
pl.5h,learner.pl.several,example,YES,2,nav2.1.1:nav2.1.1.src.pl.5e|nav2.2.1:nav2.2.1.src.pl.5e,PASS
pl.5i,learner.pl.several,example,YES,2,nav2.1.1:nav2.1.1.src.pl.5i|nav2.2.1:nav2.2.1.src.pl.5i,PASS
pl.5j,learner.pl.several,example,YES,2,nav2.1.1:nav2.1.1.src.pl.5i|nav2.2.1:nav2.2.1.src.pl.5i,PASS
pl.5k,learner.pl.several,example,YES,2,nav2.1.1:nav2.1.1.src.pl.5i|nav2.2.1:nav2.2.1.src.pl.5i,PASS
pl.5l,learner.pl.several,example,YES,2,nav2.1.1:nav2.1.1.src.pl.5i|nav2.2.1:nav2.2.1.src.pl.5i,PASS
pl.6,learner.pl.several,paragraph,YES,2,nav2.1.1:nav2.1.1.src.pl.6|nav2.2.1:nav2.2.1.src.pl.6,PASS
pl.7,learner.pl.several,subheading,YES,2,nav2.2.2:nav2.2.2.src.pl.7|nav2.2.3:nav2.2.3.src.pl.7,PASS
pl.8,learner.pl.several,paragraph,YES,2,nav2.2.2:nav2.2.2.src.pl.7|nav2.2.3:nav2.2.3.src.pl.7,PASS
pl.9,learner.pl.several,paragraph,YES,2,nav2.2.2:nav2.2.2.src.pl.7|nav2.2.3:nav2.2.3.src.pl.7,PASS
pl.10,learner.pl.several,table,YES,2,nav2.2.2:nav2.2.2.src.pl.10|nav2.2.3:nav2.2.3.src.pl.10,PASS
pl.11,learner.pl.several,warning,YES,2,nav2.2.2:nav2.2.2.src.pl.11|nav2.2.3:nav2.2.3.src.pl.11,PASS
pl.11b,learner.pl.several,paragraph,YES,2,nav2.2.2:nav2.2.2.src.pl.11|nav2.2.3:nav2.2.3.src.pl.11,PASS
pl.11c,learner.pl.several,paragraph,YES,2,nav2.2.2:nav2.2.2.src.pl.11|nav2.2.3:nav2.2.3.src.pl.11,PASS
pl.12,learner.pl.several,paragraph,YES,2,nav2.2.2:nav2.2.2.src.pl.11|nav2.2.3:nav2.2.3.src.pl.11,PASS
pl.13,learner.pl.several,subheading,YES,1,nav2.2.4:nav2.2.4.src.pl.13,PASS
pl.14,learner.pl.several,paragraph,YES,1,nav2.2.4:nav2.2.4.src.pl.13,PASS
pl.15,learner.pl.several,example,YES,1,nav2.2.4:nav2.2.4.src.pl.13,PASS
pl.16,learner.pl.several,example,YES,1,nav2.2.4:nav2.2.4.src.pl.13,PASS
pl.17,learner.pl.several,try,YES,1,nav2.2.4:nav2.2.4.src.pl.17,PASS
pl.18,learner.pl.several,term,YES,1,nav2.2.4:nav2.2.4.src.pl.18,PASS
pl.20,learner.pl.several,paragraph,YES,1,nav2.2.4:nav2.2.4.src.pl.18,PASS
pl.21,learner.pl.several,paragraph,YES,1,nav2.2.4:nav2.2.4.src.pl.18,PASS
pl.19,learner.pl.several,list,YES,1,nav2.2.4:nav2.2.4.src.pl.19,PASS
nas.1,learner.nasal.senses,subheading,YES,1,nav2.4.5:nav2.4.5.src.nas.1,PASS
nas.2,learner.nasal.senses,paragraph,YES,1,nav2.4.5:nav2.4.5.src.nas.1,PASS
nas.3,learner.nasal.senses,table,YES,1,nav2.4.5:nav2.4.5.src.nas.3,PASS
nas.4,learner.nasal.senses,warning,YES,1,nav2.4.5:nav2.4.5.src.nas.4,PASS
nas.4b,learner.nasal.senses,example,YES,1,nav2.4.5:nav2.4.5.src.nas.4,PASS
nas.4c,learner.nasal.senses,example,YES,1,nav2.4.5:nav2.4.5.src.nas.4,PASS
nas.4d,learner.nasal.senses,example,YES,1,nav2.4.5:nav2.4.5.src.nas.4,PASS
nas.4e,learner.nasal.senses,example,YES,1,nav2.4.5:nav2.4.5.src.nas.4e,PASS
nas.4f,learner.nasal.senses,example,YES,1,nav2.4.5:nav2.4.5.src.nas.4e,PASS
nas.4g,learner.nasal.senses,example,YES,1,nav2.4.5:nav2.4.5.src.nas.4e,PASS
nas.4h,learner.nasal.senses,example,YES,1,nav2.4.5:nav2.4.5.src.nas.4e,PASS
nas.4i,learner.nasal.senses,example,YES,1,nav2.4.5:nav2.4.5.src.nas.4i,PASS
nas.4j,learner.nasal.senses,example,YES,1,nav2.4.5:nav2.4.5.src.nas.4i,PASS
nas.4k,learner.nasal.senses,example,YES,1,nav2.4.5:nav2.4.5.src.nas.4i,PASS
nas.4l,learner.nasal.senses,example,YES,1,nav2.4.5:nav2.4.5.src.nas.4i,PASS
nas.4m,learner.nasal.senses,example,YES,1,nav2.4.5:nav2.4.5.src.nas.4m,PASS
nas.4n,learner.nasal.senses,example,YES,1,nav2.4.5:nav2.4.5.src.nas.4m,PASS
nas.4o,learner.nasal.senses,example,YES,1,nav2.4.5:nav2.4.5.src.nas.4m,PASS
nas.5,learner.nasal.senses,subheading,YES,1,nav2.3.6:nav2.3.6.src.nas.5,PASS
nas.6,learner.nasal.senses,paragraph,YES,1,nav2.3.6:nav2.3.6.src.nas.5,PASS
nas.7,learner.nasal.senses,example,YES,1,nav2.3.6:nav2.3.6.src.nas.5,PASS
nas.8,learner.nasal.senses,example,YES,1,nav2.3.6:nav2.3.6.src.nas.5,PASS
nas.9,learner.nasal.senses,example,YES,1,nav2.3.6:nav2.3.6.src.nas.9,PASS
nas.10,learner.nasal.senses,paragraph,YES,1,nav2.3.6:nav2.3.6.src.nas.9,PASS
nas.10b,learner.nasal.senses,ordered-list,YES,1,nav2.3.6:nav2.3.6.src.nas.10b,PASS
nas.11,learner.nasal.senses,example,YES,1,nav2.3.6:nav2.3.6.src.nas.11,PASS
nas.12,learner.nasal.senses,example,YES,1,nav2.3.6:nav2.3.6.src.nas.11,PASS
nas.13,learner.nasal.senses,example,YES,1,nav2.3.6:nav2.3.6.src.nas.11,PASS
nas.14,learner.nasal.senses,subheading,YES,1,nav2.4.6:nav2.4.6.src.nas.14,PASS
nas.15,learner.nasal.senses,paragraph,YES,1,nav2.4.6:nav2.4.6.src.nas.14,PASS
nas.16,learner.nasal.senses,example,YES,1,nav2.4.6:nav2.4.6.src.nas.14,PASS
nas.17,learner.nasal.senses,example,YES,1,nav2.4.6:nav2.4.6.src.nas.14,PASS
nas.18,learner.nasal.senses,example,YES,1,nav2.4.6:nav2.4.6.src.nas.18,PASS
nas.19,learner.nasal.senses,example,YES,1,nav2.4.6:nav2.4.6.src.nas.18,PASS
nas.20,learner.nasal.senses,warning,YES,1,nav2.4.6:nav2.4.6.src.nas.18,PASS
nas.21,learner.nasal.senses,subheading,YES,1,nav2.4.4:nav2.4.4.src.nas.21,PASS
nas.22,learner.nasal.senses,paragraph,YES,1,nav2.4.4:nav2.4.4.src.nas.21,PASS
nas.23,learner.nasal.senses,example,YES,1,nav2.4.4:nav2.4.4.src.nas.21,PASS
nas.24,learner.nasal.senses,example,YES,1,nav2.4.4:nav2.4.4.src.nas.21,PASS
nas.25,learner.nasal.senses,example,YES,1,nav2.4.4:nav2.4.4.src.nas.25,PASS
nas.26,learner.nasal.senses,example,YES,1,nav2.4.4:nav2.4.4.src.nas.25,PASS
nas.27,learner.nasal.senses,paragraph,YES,1,nav2.4.4:nav2.4.4.src.nas.25,PASS
nas.28,learner.nasal.senses,subheading,YES,1,nav2.4.7:nav2.4.7.src.nas.28,PASS
nas.29,learner.nasal.senses,paragraph,YES,1,nav2.4.7:nav2.4.7.src.nas.28,PASS
nas.30,learner.nasal.senses,example,YES,1,nav2.4.7:nav2.4.7.src.nas.28,PASS
nas.31,learner.nasal.senses,subheading,YES,1,nav2.4.8:nav2.4.8.src.nas.31,PASS
nas.32,learner.nasal.senses,paragraph,YES,1,nav2.4.8:nav2.4.8.src.nas.31,PASS
nas.33,learner.nasal.senses,example,YES,1,nav2.4.8:nav2.4.8.src.nas.31,PASS
nas.34,learner.nasal.senses,example,YES,1,nav2.4.8:nav2.4.8.src.nas.31,PASS
nas.35,learner.nasal.senses,example,YES,1,nav2.4.8:nav2.4.8.src.nas.35,PASS
nas.36,learner.nasal.senses,example,YES,1,nav2.4.8:nav2.4.8.src.nas.35,PASS
nas.37,learner.nasal.senses,warning,YES,1,nav2.4.8:nav2.4.8.src.nas.35,PASS
nas.37b,learner.nasal.senses,paragraph,YES,1,nav2.4.8:nav2.4.8.src.nas.35,PASS
nas.37c,learner.nasal.senses,paragraph,YES,1,nav2.4.8:nav2.4.8.src.nas.37c,PASS
nas.37d,learner.nasal.senses,paragraph,YES,1,nav2.4.8:nav2.4.8.src.nas.37c,PASS
nas.47,learner.nasal.senses,subheading,YES,1,nav2.4.5:nav2.4.5.src.nas.47,PASS
nas.48,learner.nasal.senses,paragraph,YES,1,nav2.4.5:nav2.4.5.src.nas.47,PASS
nas.49,learner.nasal.senses,table,YES,1,nav2.4.5:nav2.4.5.src.nas.49,PASS
nas.38,learner.nasal.senses,subheading,YES,1,nav2.4.5:nav2.4.5.src.nas.38,PASS
nas.39,learner.nasal.senses,paragraph,YES,1,nav2.4.5:nav2.4.5.src.nas.38,PASS
nas.40,learner.nasal.senses,example,YES,1,nav2.4.5:nav2.4.5.src.nas.38,PASS
nas.41,learner.nasal.senses,example,YES,1,nav2.4.5:nav2.4.5.src.nas.38,PASS
nas.42,learner.nasal.senses,example,YES,1,nav2.4.5:nav2.4.5.src.nas.42,PASS
nas.43,learner.nasal.senses,try,YES,1,nav2.4.5:nav2.4.5.src.nas.43,PASS
nas.44,learner.nasal.senses,try,YES,1,nav2.4.5:nav2.4.5.src.nas.44,PASS
nas.45,learner.nasal.senses,term,YES,1,nav2.4.5:nav2.4.5.src.nas.45,PASS
nas.50,learner.nasal.senses,paragraph,YES,1,nav2.4.5:nav2.4.5.src.nas.45,PASS
nas.51,learner.nasal.senses,paragraph,YES,1,nav2.4.5:nav2.4.5.src.nas.45,PASS
nas.52,learner.nasal.senses,paragraph,YES,1,nav2.4.5:nav2.4.5.src.nas.45,PASS
nas.53,learner.nasal.senses,paragraph,YES,1,nav2.4.5:nav2.4.5.src.nas.53,PASS
nas.54,learner.nasal.senses,paragraph,YES,1,nav2.4.5:nav2.4.5.src.nas.53,PASS
nas.55,learner.nasal.senses,paragraph,YES,1,nav2.4.5:nav2.4.5.src.nas.53,PASS
nas.46,learner.nasal.senses,list,YES,1,nav2.4.5:nav2.4.5.src.nas.46,PASS
per.1,learner.person.roles,subheading,YES,1,nav2.5.1:nav2.5.1.src.per.1,PASS
per.2,learner.person.roles,paragraph,YES,1,nav2.5.1:nav2.5.1.src.per.1,PASS
per.3,learner.person.roles,example,YES,1,nav2.5.1:nav2.5.1.src.per.1,PASS
per.4,learner.person.roles,example,YES,1,nav2.5.1:nav2.5.1.src.per.1,PASS
per.5,learner.person.roles,example,YES,1,nav2.5.1:nav2.5.1.src.per.5,PASS
per.6,learner.person.roles,warning,YES,1,nav2.5.1:nav2.5.1.src.per.5,PASS
per.7,learner.person.roles,example,YES,1,nav2.5.1:nav2.5.1.src.per.5,PASS
per.8,learner.person.roles,example,YES,1,nav2.5.1:nav2.5.1.src.per.5,PASS
per.9,learner.person.roles,subheading,YES,1,nav2.5.1:nav2.5.1.src.per.9,PASS
per.10,learner.person.roles,paragraph,YES,1,nav2.5.1:nav2.5.1.src.per.9,PASS
per.11,learner.person.roles,example,YES,1,nav2.5.1:nav2.5.1.src.per.9,PASS
per.12,learner.person.roles,example,YES,1,nav2.5.1:nav2.5.1.src.per.9,PASS
per.13,learner.person.roles,example,YES,1,nav2.5.1:nav2.5.1.src.per.13,PASS
per.14,learner.person.roles,example,YES,1,nav2.5.1:nav2.5.1.src.per.13,PASS
per.15,learner.person.roles,example,YES,1,nav2.5.1:nav2.5.1.src.per.13,PASS
per.16,learner.person.roles,example,YES,1,nav2.5.1:nav2.5.1.src.per.13,PASS
per.17,learner.person.roles,example,YES,1,nav2.5.1:nav2.5.1.src.per.17,PASS
per.18,learner.person.roles,example,YES,1,nav2.5.1:nav2.5.1.src.per.17,PASS
per.19,learner.person.roles,example,YES,1,nav2.5.1:nav2.5.1.src.per.17,PASS
per.20,learner.person.roles,subheading,YES,1,nav2.5.1:nav2.5.1.src.per.20,PASS
per.21,learner.person.roles,paragraph,YES,1,nav2.5.1:nav2.5.1.src.per.20,PASS
per.22,learner.person.roles,example,YES,1,nav2.5.1:nav2.5.1.src.per.20,PASS
per.23,learner.person.roles,example,YES,1,nav2.5.1:nav2.5.1.src.per.20,PASS
per.24,learner.person.roles,example,YES,1,nav2.5.1:nav2.5.1.src.per.24,PASS
per.25,learner.person.roles,example,YES,1,nav2.5.1:nav2.5.1.src.per.24,PASS
per.26,learner.person.roles,example,YES,1,nav2.5.1:nav2.5.1.src.per.24,PASS
per.27,learner.person.roles,example,YES,1,nav2.5.1:nav2.5.1.src.per.24,PASS
per.28,learner.person.roles,example,YES,1,nav2.5.1:nav2.5.1.src.per.28,PASS
per.29,learner.person.roles,subheading,YES,2,nav2.5.2:nav2.5.2.src.per.29|nav2.5.3:nav2.5.3.src.per.29,PASS
per.30,learner.person.roles,paragraph,YES,2,nav2.5.2:nav2.5.2.src.per.29|nav2.5.3:nav2.5.3.src.per.29,PASS
per.31,learner.person.roles,example,YES,2,nav2.5.2:nav2.5.2.src.per.29|nav2.5.3:nav2.5.3.src.per.29,PASS
per.32,learner.person.roles,example,YES,2,nav2.5.2:nav2.5.2.src.per.29|nav2.5.3:nav2.5.3.src.per.29,PASS
per.33,learner.person.roles,example,YES,2,nav2.5.2:nav2.5.2.src.per.33|nav2.5.3:nav2.5.3.src.per.33,PASS
per.34,learner.person.roles,example,YES,2,nav2.5.2:nav2.5.2.src.per.33|nav2.5.3:nav2.5.3.src.per.33,PASS
per.35,learner.person.roles,example,YES,2,nav2.5.2:nav2.5.2.src.per.33|nav2.5.3:nav2.5.3.src.per.33,PASS
per.36,learner.person.roles,example,YES,2,nav2.5.2:nav2.5.2.src.per.33|nav2.5.3:nav2.5.3.src.per.33,PASS
per.37,learner.person.roles,example,YES,2,nav2.5.2:nav2.5.2.src.per.37|nav2.5.3:nav2.5.3.src.per.37,PASS
per.38,learner.person.roles,example,YES,2,nav2.5.2:nav2.5.2.src.per.37|nav2.5.3:nav2.5.3.src.per.37,PASS
per.39,learner.person.roles,example,YES,2,nav2.5.2:nav2.5.2.src.per.37|nav2.5.3:nav2.5.3.src.per.37,PASS
per.40,learner.person.roles,example,YES,2,nav2.5.2:nav2.5.2.src.per.37|nav2.5.3:nav2.5.3.src.per.37,PASS
per.41,learner.person.roles,example,YES,2,nav2.5.2:nav2.5.2.src.per.41|nav2.5.3:nav2.5.3.src.per.41,PASS
per.42,learner.person.roles,example,YES,2,nav2.5.2:nav2.5.2.src.per.41|nav2.5.3:nav2.5.3.src.per.41,PASS
per.43,learner.person.roles,subheading,YES,1,nav2.5.4:nav2.5.4.src.per.43,PASS
per.44,learner.person.roles,paragraph,YES,1,nav2.5.4:nav2.5.4.src.per.43,PASS
per.45,learner.person.roles,example,YES,1,nav2.5.4:nav2.5.4.src.per.43,PASS
per.46,learner.person.roles,example,YES,1,nav2.5.4:nav2.5.4.src.per.43,PASS
per.47,learner.person.roles,example,YES,1,nav2.5.4:nav2.5.4.src.per.47,PASS
per.48,learner.person.roles,example,YES,1,nav2.5.4:nav2.5.4.src.per.47,PASS
per.49,learner.person.roles,example,YES,1,nav2.5.4:nav2.5.4.src.per.47,PASS
per.50,learner.person.roles,example,YES,1,nav2.5.4:nav2.5.4.src.per.47,PASS
per.51,learner.person.roles,example,YES,1,nav2.5.4:nav2.5.4.src.per.51,PASS
per.52,learner.person.roles,example,YES,1,nav2.5.4:nav2.5.4.src.per.51,PASS
per.53,learner.person.roles,example,YES,1,nav2.5.4:nav2.5.4.src.per.51,PASS
per.54,learner.person.roles,example,YES,1,nav2.5.4:nav2.5.4.src.per.51,PASS
per.55,learner.person.roles,warning,YES,1,nav2.5.4:nav2.5.4.src.per.55,PASS
per.55b,learner.person.roles,paragraph,YES,1,nav2.5.4:nav2.5.4.src.per.55,PASS
per.55c,learner.person.roles,paragraph,YES,1,nav2.5.4:nav2.5.4.src.per.55,PASS
per.55d,learner.person.roles,example,YES,1,nav2.5.4:nav2.5.4.src.per.55,PASS
per.56,learner.person.roles,subheading,YES,2,nav2.5.5:nav2.5.5.src.per.56|nav2.7.3:nav2.7.3.src.per.56,PASS
per.57,learner.person.roles,paragraph,YES,2,nav2.5.5:nav2.5.5.src.per.56|nav2.7.3:nav2.7.3.src.per.56,PASS
per.58,learner.person.roles,example,YES,2,nav2.5.5:nav2.5.5.src.per.56|nav2.7.3:nav2.7.3.src.per.56,PASS
per.59,learner.person.roles,try,YES,2,nav2.5.5:nav2.5.5.src.per.59|nav2.7.3:nav2.7.3.src.per.59,PASS
per.60,learner.person.roles,try,YES,2,nav2.5.5:nav2.5.5.src.per.60|nav2.7.3:nav2.7.3.src.per.60,PASS
per.63,learner.person.roles,paragraph,YES,2,nav2.5.5:nav2.5.5.src.per.63|nav2.7.3:nav2.7.3.src.per.63,PASS
per.64,learner.person.roles,paragraph,YES,2,nav2.5.5:nav2.5.5.src.per.63|nav2.7.3:nav2.7.3.src.per.63,PASS
per.61,learner.person.roles,list,YES,2,nav2.5.5:nav2.5.5.src.per.61|nav2.7.3:nav2.7.3.src.per.61,PASS
per.62,learner.person.roles,term,YES,2,nav2.5.5:nav2.5.5.src.per.62|nav2.7.3:nav2.7.3.src.per.62,PASS
ch.1,learner.chains.steps,subheading,YES,2,nav2.6.1:nav2.6.1.src.ch.1|nav2.6.4:nav2.6.4.src.ch.1,PASS
ch.2,learner.chains.steps,paragraph,YES,2,nav2.6.1:nav2.6.1.src.ch.1|nav2.6.4:nav2.6.4.src.ch.1,PASS
ch.3,learner.chains.steps,example,YES,2,nav2.6.1:nav2.6.1.src.ch.1|nav2.6.4:nav2.6.4.src.ch.1,PASS
ch.4,learner.chains.steps,example,YES,2,nav2.6.1:nav2.6.1.src.ch.1|nav2.6.4:nav2.6.4.src.ch.1,PASS
ch.5,learner.chains.steps,example,YES,2,nav2.6.1:nav2.6.1.src.ch.5|nav2.6.4:nav2.6.4.src.ch.5,PASS
ch.6,learner.chains.steps,paragraph,YES,2,nav2.6.1:nav2.6.1.src.ch.5|nav2.6.4:nav2.6.4.src.ch.5,PASS
ch.7,learner.chains.steps,subheading,YES,2,nav2.6.2:nav2.6.2.src.ch.7|nav2.6.3:nav2.6.3.src.ch.7,PASS
ch.8,learner.chains.steps,example,YES,2,nav2.6.2:nav2.6.2.src.ch.7|nav2.6.3:nav2.6.3.src.ch.7,PASS
ch.9,learner.chains.steps,example,YES,2,nav2.6.2:nav2.6.2.src.ch.7|nav2.6.3:nav2.6.3.src.ch.7,PASS
ch.10,learner.chains.steps,example,YES,2,nav2.6.2:nav2.6.2.src.ch.7|nav2.6.3:nav2.6.3.src.ch.7,PASS
ch.11,learner.chains.steps,example,YES,2,nav2.6.2:nav2.6.2.src.ch.11|nav2.6.3:nav2.6.3.src.ch.11,PASS
ch.12,learner.chains.steps,example,YES,2,nav2.6.2:nav2.6.2.src.ch.11|nav2.6.3:nav2.6.3.src.ch.11,PASS
ch.13,learner.chains.steps,example,YES,2,nav2.6.2:nav2.6.2.src.ch.11|nav2.6.3:nav2.6.3.src.ch.11,PASS
ch.14,learner.chains.steps,example,YES,2,nav2.6.2:nav2.6.2.src.ch.11|nav2.6.3:nav2.6.3.src.ch.11,PASS
ch.15,learner.chains.steps,example,YES,2,nav2.6.2:nav2.6.2.src.ch.15|nav2.6.3:nav2.6.3.src.ch.15,PASS
ch.16,learner.chains.steps,subheading,YES,2,nav2.3.7:nav2.3.7.src.ch.16|nav2.6.4:nav2.6.4.src.ch.16,PASS
ch.17,learner.chains.steps,paragraph,YES,2,nav2.3.7:nav2.3.7.src.ch.16|nav2.6.4:nav2.6.4.src.ch.16,PASS
ch.18,learner.chains.steps,example,YES,2,nav2.3.7:nav2.3.7.src.ch.16|nav2.6.4:nav2.6.4.src.ch.16,PASS
ch.19,learner.chains.steps,example,YES,2,nav2.3.7:nav2.3.7.src.ch.16|nav2.6.4:nav2.6.4.src.ch.16,PASS
ch.20,learner.chains.steps,example,YES,2,nav2.3.7:nav2.3.7.src.ch.20|nav2.6.4:nav2.6.4.src.ch.20,PASS
ch.21,learner.chains.steps,example,YES,2,nav2.3.7:nav2.3.7.src.ch.20|nav2.6.4:nav2.6.4.src.ch.20,PASS
ch.22,learner.chains.steps,example,YES,2,nav2.3.7:nav2.3.7.src.ch.20|nav2.6.4:nav2.6.4.src.ch.20,PASS
ch.23,learner.chains.steps,subheading,YES,2,nav2.6.1:nav2.6.1.src.ch.23|nav2.6.4:nav2.6.4.src.ch.23,PASS
ch.24,learner.chains.steps,example,YES,2,nav2.6.1:nav2.6.1.src.ch.23|nav2.6.4:nav2.6.4.src.ch.23,PASS
ch.25,learner.chains.steps,example,YES,2,nav2.6.1:nav2.6.1.src.ch.23|nav2.6.4:nav2.6.4.src.ch.23,PASS
ch.26,learner.chains.steps,example,YES,2,nav2.6.1:nav2.6.1.src.ch.23|nav2.6.4:nav2.6.4.src.ch.23,PASS
ch.27,learner.chains.steps,example,YES,2,nav2.6.1:nav2.6.1.src.ch.27|nav2.6.4:nav2.6.4.src.ch.27,PASS
ch.28,learner.chains.steps,example,YES,2,nav2.6.1:nav2.6.1.src.ch.27|nav2.6.4:nav2.6.4.src.ch.27,PASS
ch.29,learner.chains.steps,example,YES,2,nav2.6.1:nav2.6.1.src.ch.27|nav2.6.4:nav2.6.4.src.ch.27,PASS
ch.30,learner.chains.steps,example,YES,2,nav2.6.1:nav2.6.1.src.ch.27|nav2.6.4:nav2.6.4.src.ch.27,PASS
ch.31,learner.chains.steps,example,YES,2,nav2.6.1:nav2.6.1.src.ch.31|nav2.6.4:nav2.6.4.src.ch.31,PASS
ch.32,learner.chains.steps,example,YES,2,nav2.6.1:nav2.6.1.src.ch.31|nav2.6.4:nav2.6.4.src.ch.31,PASS
ch.33,learner.chains.steps,example,YES,2,nav2.6.1:nav2.6.1.src.ch.31|nav2.6.4:nav2.6.4.src.ch.31,PASS
ch.34,learner.chains.steps,example,YES,2,nav2.6.1:nav2.6.1.src.ch.31|nav2.6.4:nav2.6.4.src.ch.31,PASS
ch.35,learner.chains.steps,example,YES,2,nav2.6.1:nav2.6.1.src.ch.35|nav2.6.4:nav2.6.4.src.ch.35,PASS
ch.36,learner.chains.steps,example,YES,2,nav2.6.1:nav2.6.1.src.ch.35|nav2.6.4:nav2.6.4.src.ch.35,PASS
ch.37,learner.chains.steps,example,YES,2,nav2.6.1:nav2.6.1.src.ch.35|nav2.6.4:nav2.6.4.src.ch.35,PASS
ch.38,learner.chains.steps,example,YES,2,nav2.6.1:nav2.6.1.src.ch.35|nav2.6.4:nav2.6.4.src.ch.35,PASS
ch.39,learner.chains.steps,example,YES,2,nav2.6.1:nav2.6.1.src.ch.39|nav2.6.4:nav2.6.4.src.ch.39,PASS
ch.40,learner.chains.steps,example,YES,2,nav2.6.1:nav2.6.1.src.ch.39|nav2.6.4:nav2.6.4.src.ch.39,PASS
ch.41,learner.chains.steps,try,YES,2,nav2.6.1:nav2.6.1.src.ch.41|nav2.6.4:nav2.6.4.src.ch.41,PASS
ch.42,learner.chains.steps,warning,YES,2,nav2.6.1:nav2.6.1.src.ch.42|nav2.6.4:nav2.6.4.src.ch.42,PASS
ch.44,learner.chains.steps,paragraph,YES,2,nav2.6.1:nav2.6.1.src.ch.42|nav2.6.4:nav2.6.4.src.ch.42,PASS
ch.45,learner.chains.steps,paragraph,YES,2,nav2.6.1:nav2.6.1.src.ch.42|nav2.6.4:nav2.6.4.src.ch.42,PASS
ch.46,learner.chains.steps,paragraph,YES,2,nav2.6.1:nav2.6.1.src.ch.42|nav2.6.4:nav2.6.4.src.ch.42,PASS
ch.43,learner.chains.steps,list,YES,2,nav2.6.1:nav2.6.1.src.ch.43|nav2.6.4:nav2.6.4.src.ch.43,PASS
vb.1,learner.verbs.steps,subheading,YES,1,nav2.7.1:nav2.7.1.src.vb.1,PASS
vb.2,learner.verbs.steps,paragraph,YES,1,nav2.7.1:nav2.7.1.src.vb.1,PASS
vb.3,learner.verbs.steps,example,YES,1,nav2.7.1:nav2.7.1.src.vb.1,PASS
vb.4,learner.verbs.steps,example,YES,1,nav2.7.1:nav2.7.1.src.vb.1,PASS
vb.5,learner.verbs.steps,example,YES,1,nav2.7.1:nav2.7.1.src.vb.5,PASS
vb.6,learner.verbs.steps,example,YES,1,nav2.7.1:nav2.7.1.src.vb.5,PASS
vb.7,learner.verbs.steps,subheading,YES,1,nav2.7.3:nav2.7.3.src.vb.7,PASS
vb.8,learner.verbs.steps,paragraph,YES,1,nav2.7.3:nav2.7.3.src.vb.7,PASS
vb.9,learner.verbs.steps,example,YES,1,nav2.7.3:nav2.7.3.src.vb.7,PASS
vb.10,learner.verbs.steps,example,YES,1,nav2.7.3:nav2.7.3.src.vb.7,PASS
vb.11,learner.verbs.steps,example,YES,1,nav2.7.3:nav2.7.3.src.vb.11,PASS
vb.12,learner.verbs.steps,example,YES,1,nav2.7.3:nav2.7.3.src.vb.11,PASS
vb.13,learner.verbs.steps,example,YES,1,nav2.7.3:nav2.7.3.src.vb.11,PASS
vb.14,learner.verbs.steps,example,YES,1,nav2.7.3:nav2.7.3.src.vb.11,PASS
vb.15,learner.verbs.steps,example,YES,1,nav2.7.3:nav2.7.3.src.vb.15,PASS
vb.16,learner.verbs.steps,example,YES,1,nav2.7.3:nav2.7.3.src.vb.15,PASS
vb.17,learner.verbs.steps,subheading,YES,1,nav2.7.2:nav2.7.2.src.vb.17,PASS
vb.18,learner.verbs.steps,paragraph,YES,1,nav2.7.2:nav2.7.2.src.vb.17,PASS
vb.19,learner.verbs.steps,example,YES,1,nav2.7.2:nav2.7.2.src.vb.17,PASS
vb.20,learner.verbs.steps,example,YES,1,nav2.7.2:nav2.7.2.src.vb.17,PASS
vb.21,learner.verbs.steps,example,YES,1,nav2.7.2:nav2.7.2.src.vb.21,PASS
vb.22,learner.verbs.steps,example,YES,1,nav2.7.2:nav2.7.2.src.vb.21,PASS
vb.23,learner.verbs.steps,example,YES,1,nav2.7.2:nav2.7.2.src.vb.21,PASS
vb.24,learner.verbs.steps,example,YES,1,nav2.7.2:nav2.7.2.src.vb.21,PASS
vb.25,learner.verbs.steps,example,YES,1,nav2.7.2:nav2.7.2.src.vb.25,PASS
vb.26,learner.verbs.steps,example,YES,1,nav2.7.2:nav2.7.2.src.vb.25,PASS
vb.27,learner.verbs.steps,subheading,YES,1,nav2.7.4:nav2.7.4.src.vb.27,PASS
vb.28,learner.verbs.steps,paragraph,YES,1,nav2.7.4:nav2.7.4.src.vb.27,PASS
vb.29,learner.verbs.steps,example,YES,1,nav2.7.4:nav2.7.4.src.vb.27,PASS
vb.30,learner.verbs.steps,example,YES,1,nav2.7.4:nav2.7.4.src.vb.27,PASS
vb.31,learner.verbs.steps,example,YES,1,nav2.7.4:nav2.7.4.src.vb.31,PASS
vb.32,learner.verbs.steps,example,YES,1,nav2.7.4:nav2.7.4.src.vb.31,PASS
vb.33,learner.verbs.steps,example,YES,1,nav2.7.4:nav2.7.4.src.vb.31,PASS
vb.34,learner.verbs.steps,example,YES,1,nav2.7.4:nav2.7.4.src.vb.31,PASS
vb.35,learner.verbs.steps,example,YES,1,nav2.7.4:nav2.7.4.src.vb.35,PASS
vb.36,learner.verbs.steps,example,YES,1,nav2.7.4:nav2.7.4.src.vb.35,PASS
vb.37,learner.verbs.steps,example,YES,1,nav2.7.4:nav2.7.4.src.vb.35,PASS
vb.38,learner.verbs.steps,example,YES,1,nav2.7.4:nav2.7.4.src.vb.35,PASS
vb.39,learner.verbs.steps,subheading,YES,1,nav2.7.5:nav2.7.5.src.vb.39,PASS
vb.40,learner.verbs.steps,paragraph,YES,1,nav2.7.5:nav2.7.5.src.vb.39,PASS
vb.41,learner.verbs.steps,example,YES,1,nav2.7.5:nav2.7.5.src.vb.39,PASS
vb.42,learner.verbs.steps,example,YES,1,nav2.7.5:nav2.7.5.src.vb.39,PASS
vb.43,learner.verbs.steps,example,YES,1,nav2.7.5:nav2.7.5.src.vb.43,PASS
vb.44,learner.verbs.steps,example,YES,1,nav2.7.5:nav2.7.5.src.vb.43,PASS
vb.45,learner.verbs.steps,example,YES,1,nav2.7.5:nav2.7.5.src.vb.43,PASS
vb.46,learner.verbs.steps,example,YES,1,nav2.7.5:nav2.7.5.src.vb.43,PASS
vb.47,learner.verbs.steps,example,YES,1,nav2.7.5:nav2.7.5.src.vb.47,PASS
vb.48,learner.verbs.steps,example,YES,1,nav2.7.5:nav2.7.5.src.vb.47,PASS
vb.49,learner.verbs.steps,subheading,YES,2,nav2.7.6:nav2.7.6.src.vb.49|nav2.7.7:nav2.7.7.src.vb.49,PASS
vb.50,learner.verbs.steps,paragraph,YES,2,nav2.7.6:nav2.7.6.src.vb.49|nav2.7.7:nav2.7.7.src.vb.49,PASS
vb.51,learner.verbs.steps,example,YES,2,nav2.7.6:nav2.7.6.src.vb.49|nav2.7.7:nav2.7.7.src.vb.49,PASS
vb.52,learner.verbs.steps,example,YES,2,nav2.7.6:nav2.7.6.src.vb.49|nav2.7.7:nav2.7.7.src.vb.49,PASS
vb.53,learner.verbs.steps,example,YES,2,nav2.7.6:nav2.7.6.src.vb.53|nav2.7.7:nav2.7.7.src.vb.53,PASS
vb.54,learner.verbs.steps,example,YES,2,nav2.7.6:nav2.7.6.src.vb.53|nav2.7.7:nav2.7.7.src.vb.53,PASS
vb.55,learner.verbs.steps,example,YES,2,nav2.7.6:nav2.7.6.src.vb.53|nav2.7.7:nav2.7.7.src.vb.53,PASS
vb.56,learner.verbs.steps,example,YES,2,nav2.7.6:nav2.7.6.src.vb.53|nav2.7.7:nav2.7.7.src.vb.53,PASS
vb.57,learner.verbs.steps,warning,YES,2,nav2.7.6:nav2.7.6.src.vb.57|nav2.7.7:nav2.7.7.src.vb.57,PASS
vb.58,learner.verbs.steps,subheading,YES,2,nav2.7.8:nav2.7.8.src.vb.58|nav2.7.9:nav2.7.9.src.vb.58,PASS
vb.59,learner.verbs.steps,paragraph,YES,2,nav2.7.8:nav2.7.8.src.vb.58|nav2.7.9:nav2.7.9.src.vb.58,PASS
vb.60,learner.verbs.steps,example,YES,2,nav2.7.8:nav2.7.8.src.vb.58|nav2.7.9:nav2.7.9.src.vb.58,PASS
vb.61,learner.verbs.steps,example,YES,2,nav2.7.8:nav2.7.8.src.vb.58|nav2.7.9:nav2.7.9.src.vb.58,PASS
vb.62,learner.verbs.steps,example,YES,2,nav2.7.8:nav2.7.8.src.vb.62|nav2.7.9:nav2.7.9.src.vb.62,PASS
vb.63,learner.verbs.steps,example,YES,2,nav2.7.8:nav2.7.8.src.vb.62|nav2.7.9:nav2.7.9.src.vb.62,PASS
vb.64,learner.verbs.steps,example,YES,2,nav2.7.8:nav2.7.8.src.vb.62|nav2.7.9:nav2.7.9.src.vb.62,PASS
vb.65,learner.verbs.steps,example,YES,2,nav2.7.8:nav2.7.8.src.vb.62|nav2.7.9:nav2.7.9.src.vb.62,PASS
vb.66,learner.verbs.steps,example,YES,2,nav2.7.8:nav2.7.8.src.vb.66|nav2.7.9:nav2.7.9.src.vb.66,PASS
vb.67,learner.verbs.steps,subheading,YES,1,nav2.7.1:nav2.7.1.src.vb.67,PASS
vb.68,learner.verbs.steps,paragraph,YES,1,nav2.7.1:nav2.7.1.src.vb.67,PASS
vb.69,learner.verbs.steps,example,YES,1,nav2.7.1:nav2.7.1.src.vb.67,PASS
vb.70,learner.verbs.steps,example,YES,1,nav2.7.1:nav2.7.1.src.vb.67,PASS
vb.71,learner.verbs.steps,example,YES,1,nav2.7.1:nav2.7.1.src.vb.71,PASS
vb.72,learner.verbs.steps,subheading,YES,1,nav2.7.10:nav2.7.10.src.vb.72,PASS
vb.73,learner.verbs.steps,paragraph,YES,1,nav2.7.10:nav2.7.10.src.vb.72,PASS
vb.74,learner.verbs.steps,example,YES,1,nav2.7.10:nav2.7.10.src.vb.72,PASS
vb.75,learner.verbs.steps,example,YES,1,nav2.7.10:nav2.7.10.src.vb.72,PASS
vb.76,learner.verbs.steps,example,YES,1,nav2.7.10:nav2.7.10.src.vb.76,PASS
vb.77,learner.verbs.steps,example,YES,1,nav2.7.10:nav2.7.10.src.vb.76,PASS
vb.78,learner.verbs.steps,example,YES,1,nav2.7.10:nav2.7.10.src.vb.76,PASS
vb.79,learner.verbs.steps,example,YES,1,nav2.7.10:nav2.7.10.src.vb.76,PASS
vb.80,learner.verbs.steps,try,YES,1,nav2.7.10:nav2.7.10.src.vb.80,PASS
vb.81,learner.verbs.steps,warning,YES,1,nav2.7.10:nav2.7.10.src.vb.81,PASS
vb.83,learner.verbs.steps,paragraph,YES,1,nav2.7.10:nav2.7.10.src.vb.81,PASS
vb.84,learner.verbs.steps,paragraph,YES,1,nav2.7.10:nav2.7.10.src.vb.81,PASS
vb.85,learner.verbs.steps,paragraph,YES,1,nav2.7.10:nav2.7.10.src.vb.81,PASS
vb.82,learner.verbs.steps,list,YES,1,nav2.7.10:nav2.7.10.src.vb.82,PASS
