sourceUnitId,sourceLesson,type,sourceHash,renderResolution,renderHash,status
dat.1,learner.dat.kuda,subheading,fnv1a32:14598f9a,DIRECT_CANONICAL_OBJECT_BY_SOURCE_UNIT_ID,fnv1a32:14598f9a,PASS_DIRECT_REFERENCE
dat.2,learner.dat.kuda,paragraph,fnv1a32:bc9d8c57,DIRECT_CANONICAL_OBJECT_BY_SOURCE_UNIT_ID,fnv1a32:bc9d8c57,PASS_DIRECT_REFERENCE
dat.3,learner.dat.kuda,example,fnv1a32:01d18061,DIRECT_CANONICAL_OBJECT_BY_SOURCE_UNIT_ID,fnv1a32:01d18061,PASS_DIRECT_REFERENCE
dat.4,learner.dat.kuda,paragraph,fnv1a32:e281fbb0,DIRECT_CANONICAL_OBJECT_BY_SOURCE_UNIT_ID,fnv1a32:e281fbb0,PASS_DIRECT_REFERENCE
dat.5,learner.dat.kuda,warning,fnv1a32:bc031b71,DIRECT_CANONICAL_OBJECT_BY_SOURCE_UNIT_ID,fnv1a32:bc031b71,PASS_DIRECT_REFERENCE
dat.6,learner.dat.kuda,subheading,fnv1a32:2dbe73bf,DIRECT_CANONICAL_OBJECT_BY_SOURCE_UNIT_ID,fnv1a32:2dbe73bf,PASS_DIRECT_REFERENCE
dat.7,learner.dat.kuda,table,fnv1a32:c79893ea,DIRECT_CANONICAL_OBJECT_BY_SOURCE_UNIT_ID,fnv1a32:c79893ea,PASS_DIRECT_REFERENCE
dat.8,learner.dat.kuda,paragraph,fnv1a32:f52ae539,DIRECT_CANONICAL_OBJECT_BY_SOURCE_UNIT_ID,fnv1a32:f52ae539,PASS_DIRECT_REFERENCE
dat.9,learner.dat.kuda,subheading,fnv1a32:301a61bd,DIRECT_CANONICAL_OBJECT_BY_SOURCE_UNIT_ID,fnv1a32:301a61bd,PASS_DIRECT_REFERENCE
dat.10,learner.dat.kuda,paragraph,fnv1a32:5c2a4ae2,DIRECT_CANONICAL_OBJECT_BY_SOURCE_UNIT_ID,fnv1a32:5c2a4ae2,PASS_DIRECT_REFERENCE
dat.11,learner.dat.kuda,paragraph,fnv1a32:4a179d6f,DIRECT_CANONICAL_OBJECT_BY_SOURCE_UNIT_ID,fnv1a32:4a179d6f,PASS_DIRECT_REFERENCE
dat.12,learner.dat.kuda,paragraph,fnv1a32:ece72417,DIRECT_CANONICAL_OBJECT_BY_SOURCE_UNIT_ID,fnv1a32:ece72417,PASS_DIRECT_REFERENCE
dat.13,learner.dat.kuda,subheading,fnv1a32:fb7f738c,DIRECT_CANONICAL_OBJECT_BY_SOURCE_UNIT_ID,fnv1a32:fb7f738c,PASS_DIRECT_REFERENCE
dat.14,learner.dat.kuda,paragraph,fnv1a32:6cc29533,DIRECT_CANONICAL_OBJECT_BY_SOURCE_UNIT_ID,fnv1a32:6cc29533,PASS_DIRECT_REFERENCE
dat.15,learner.dat.kuda,link,fnv1a32:120a53e0,DIRECT_CANONICAL_OBJECT_BY_SOURCE_UNIT_ID,fnv1a32:120a53e0,PASS_DIRECT_REFERENCE
dat.16,learner.dat.kuda,subheading,fnv1a32:3f7f1262,DIRECT_CANONICAL_OBJECT_BY_SOURCE_UNIT_ID,fnv1a32:3f7f1262,PASS_DIRECT_REFERENCE
dat.17,learner.dat.kuda,paragraph,fnv1a32:784ae29d,DIRECT_CANONICAL_OBJECT_BY_SOURCE_UNIT_ID,fnv1a32:784ae29d,PASS_DIRECT_REFERENCE
dat.17b,learner.dat.kuda,warning,fnv1a32:2515fbce,DIRECT_CANONICAL_OBJECT_BY_SOURCE_UNIT_ID,fnv1a32:2515fbce,PASS_DIRECT_REFERENCE
dat.17c,learner.dat.kuda,paragraph,fnv1a32:ea4f81f9,DIRECT_CANONICAL_OBJECT_BY_SOURCE_UNIT_ID,fnv1a32:ea4f81f9,PASS_DIRECT_REFERENCE
dat.18,learner.dat.kuda,example,fnv1a32:4e23bc04,DIRECT_CANONICAL_OBJECT_BY_SOURCE_UNIT_ID,fnv1a32:4e23bc04,PASS_DIRECT_REFERENCE
dat.19,learner.dat.kuda,example,fnv1a32:de68ab0c,DIRECT_CANONICAL_OBJECT_BY_SOURCE_UNIT_ID,fnv1a32:de68ab0c,PASS_DIRECT_REFERENCE
dat.20,learner.dat.kuda,example,fnv1a32:e4b96a47,DIRECT_CANONICAL_OBJECT_BY_SOURCE_UNIT_ID,fnv1a32:e4b96a47,PASS_DIRECT_REFERENCE
dat.20b,learner.dat.kuda,example,fnv1a32:6b97be53,DIRECT_CANONICAL_OBJECT_BY_SOURCE_UNIT_ID,fnv1a32:6b97be53,PASS_DIRECT_REFERENCE
dat.20c,learner.dat.kuda,example,fnv1a32:e6276c44,DIRECT_CANONICAL_OBJECT_BY_SOURCE_UNIT_ID,fnv1a32:e6276c44,PASS_DIRECT_REFERENCE
dat.20d,learner.dat.kuda,example,fnv1a32:207aec6c,DIRECT_CANONICAL_OBJECT_BY_SOURCE_UNIT_ID,fnv1a32:207aec6c,PASS_DIRECT_REFERENCE
dat.20e,learner.dat.kuda,example,fnv1a32:98e2b8e4,DIRECT_CANONICAL_OBJECT_BY_SOURCE_UNIT_ID,fnv1a32:98e2b8e4,PASS_DIRECT_REFERENCE
dat.20f,learner.dat.kuda,example,fnv1a32:241b72be,DIRECT_CANONICAL_OBJECT_BY_SOURCE_UNIT_ID,fnv1a32:241b72be,PASS_DIRECT_REFERENCE
dat.20g,learner.dat.kuda,example,fnv1a32:691338c4,DIRECT_CANONICAL_OBJECT_BY_SOURCE_UNIT_ID,fnv1a32:691338c4,PASS_DIRECT_REFERENCE
dat.20h,learner.dat.kuda,example,fnv1a32:e1f5a464,DIRECT_CANONICAL_OBJECT_BY_SOURCE_UNIT_ID,fnv1a32:e1f5a464,PASS_DIRECT_REFERENCE
dat.20i,learner.dat.kuda,example,fnv1a32:cf90dc57,DIRECT_CANONICAL_OBJECT_BY_SOURCE_UNIT_ID,fnv1a32:cf90dc57,PASS_DIRECT_REFERENCE
dat.20j,learner.dat.kuda,example,fnv1a32:a3ca0774,DIRECT_CANONICAL_OBJECT_BY_SOURCE_UNIT_ID,fnv1a32:a3ca0774,PASS_DIRECT_REFERENCE
dat.20k,learner.dat.kuda,example,fnv1a32:6b29944b,DIRECT_CANONICAL_OBJECT_BY_SOURCE_UNIT_ID,fnv1a32:6b29944b,PASS_DIRECT_REFERENCE
dat.20l,learner.dat.kuda,example,fnv1a32:48cf4526,DIRECT_CANONICAL_OBJECT_BY_SOURCE_UNIT_ID,fnv1a32:48cf4526,PASS_DIRECT_REFERENCE
dat.21,learner.dat.kuda,warning,fnv1a32:238fa820,DIRECT_CANONICAL_OBJECT_BY_SOURCE_UNIT_ID,fnv1a32:238fa820,PASS_DIRECT_REFERENCE
dat.22,learner.dat.kuda,subheading,fnv1a32:2b5b917b,DIRECT_CANONICAL_OBJECT_BY_SOURCE_UNIT_ID,fnv1a32:2b5b917b,PASS_DIRECT_REFERENCE
dat.23,learner.dat.kuda,paragraph,fnv1a32:29889829,DIRECT_CANONICAL_OBJECT_BY_SOURCE_UNIT_ID,fnv1a32:29889829,PASS_DIRECT_REFERENCE
dat.24,learner.dat.kuda,example,fnv1a32:a6d60474,DIRECT_CANONICAL_OBJECT_BY_SOURCE_UNIT_ID,fnv1a32:a6d60474,PASS_DIRECT_REFERENCE
dat.25,learner.dat.kuda,example,fnv1a32:95abdc97,DIRECT_CANONICAL_OBJECT_BY_SOURCE_UNIT_ID,fnv1a32:95abdc97,PASS_DIRECT_REFERENCE
dat.26,learner.dat.kuda,paragraph,fnv1a32:dad404ca,DIRECT_CANONICAL_OBJECT_BY_SOURCE_UNIT_ID,fnv1a32:dad404ca,PASS_DIRECT_REFERENCE
dat.27,learner.dat.kuda,paragraph,fnv1a32:f736fda2,DIRECT_CANONICAL_OBJECT_BY_SOURCE_UNIT_ID,fnv1a32:f736fda2,PASS_DIRECT_REFERENCE
dat.28,learner.dat.kuda,table,fnv1a32:598a5f7d,DIRECT_CANONICAL_OBJECT_BY_SOURCE_UNIT_ID,fnv1a32:598a5f7d,PASS_DIRECT_REFERENCE
dat.29,learner.dat.kuda,paragraph,fnv1a32:88ce54ae,DIRECT_CANONICAL_OBJECT_BY_SOURCE_UNIT_ID,fnv1a32:88ce54ae,PASS_DIRECT_REFERENCE
dat.30,learner.dat.kuda,paragraph,fnv1a32:4c09bc1e,DIRECT_CANONICAL_OBJECT_BY_SOURCE_UNIT_ID,fnv1a32:4c09bc1e,PASS_DIRECT_REFERENCE
dat.31,learner.dat.kuda,subheading,fnv1a32:8e664d2c,DIRECT_CANONICAL_OBJECT_BY_SOURCE_UNIT_ID,fnv1a32:8e664d2c,PASS_DIRECT_REFERENCE
dat.32,learner.dat.kuda,paragraph,fnv1a32:17480861,DIRECT_CANONICAL_OBJECT_BY_SOURCE_UNIT_ID,fnv1a32:17480861,PASS_DIRECT_REFERENCE
dat.33,learner.dat.kuda,try,fnv1a32:1c141c6e,DIRECT_CANONICAL_OBJECT_BY_SOURCE_UNIT_ID,fnv1a32:1c141c6e,PASS_DIRECT_REFERENCE
dat.34,learner.dat.kuda,try,fnv1a32:4dcf115e,DIRECT_CANONICAL_OBJECT_BY_SOURCE_UNIT_ID,fnv1a32:4dcf115e,PASS_DIRECT_REFERENCE
dat.35,learner.dat.kuda,paragraph,fnv1a32:16a054e6,DIRECT_CANONICAL_OBJECT_BY_SOURCE_UNIT_ID,fnv1a32:16a054e6,PASS_DIRECT_REFERENCE
dat.36,learner.dat.kuda,subheading,fnv1a32:c22e4d55,DIRECT_CANONICAL_OBJECT_BY_SOURCE_UNIT_ID,fnv1a32:c22e4d55,PASS_DIRECT_REFERENCE
dat.37,learner.dat.kuda,paragraph,fnv1a32:f8688f41,DIRECT_CANONICAL_OBJECT_BY_SOURCE_UNIT_ID,fnv1a32:f8688f41,PASS_DIRECT_REFERENCE
dat.38,learner.dat.kuda,example,fnv1a32:802c256b,DIRECT_CANONICAL_OBJECT_BY_SOURCE_UNIT_ID,fnv1a32:802c256b,PASS_DIRECT_REFERENCE
dat.39,learner.dat.kuda,paragraph,fnv1a32:f9c43865,DIRECT_CANONICAL_OBJECT_BY_SOURCE_UNIT_ID,fnv1a32:f9c43865,PASS_DIRECT_REFERENCE
dat.40,learner.dat.kuda,paragraph,fnv1a32:eb238ba0,DIRECT_CANONICAL_OBJECT_BY_SOURCE_UNIT_ID,fnv1a32:eb238ba0,PASS_DIRECT_REFERENCE
dat.41,learner.dat.kuda,subheading,fnv1a32:71d6b4c0,DIRECT_CANONICAL_OBJECT_BY_SOURCE_UNIT_ID,fnv1a32:71d6b4c0,PASS_DIRECT_REFERENCE
dat.42,learner.dat.kuda,table,fnv1a32:96b6254d,DIRECT_CANONICAL_OBJECT_BY_SOURCE_UNIT_ID,fnv1a32:96b6254d,PASS_DIRECT_REFERENCE
dat.43,learner.dat.kuda,example,fnv1a32:745f7a59,DIRECT_CANONICAL_OBJECT_BY_SOURCE_UNIT_ID,fnv1a32:745f7a59,PASS_DIRECT_REFERENCE
dat.44,learner.dat.kuda,example,fnv1a32:a361cc77,DIRECT_CANONICAL_OBJECT_BY_SOURCE_UNIT_ID,fnv1a32:a361cc77,PASS_DIRECT_REFERENCE
dat.45,learner.dat.kuda,warning,fnv1a32:845f9729,DIRECT_CANONICAL_OBJECT_BY_SOURCE_UNIT_ID,fnv1a32:845f9729,PASS_DIRECT_REFERENCE
dat.46,learner.dat.kuda,subheading,fnv1a32:60f316c3,DIRECT_CANONICAL_OBJECT_BY_SOURCE_UNIT_ID,fnv1a32:60f316c3,PASS_DIRECT_REFERENCE
dat.47,learner.dat.kuda,paragraph,fnv1a32:46d56163,DIRECT_CANONICAL_OBJECT_BY_SOURCE_UNIT_ID,fnv1a32:46d56163,PASS_DIRECT_REFERENCE
dat.48,learner.dat.kuda,example,fnv1a32:80772c2a,DIRECT_CANONICAL_OBJECT_BY_SOURCE_UNIT_ID,fnv1a32:80772c2a,PASS_DIRECT_REFERENCE
dat.49,learner.dat.kuda,warning,fnv1a32:5b7ab756,DIRECT_CANONICAL_OBJECT_BY_SOURCE_UNIT_ID,fnv1a32:5b7ab756,PASS_DIRECT_REFERENCE
dat.50,learner.dat.kuda,warning,fnv1a32:fdb55a00,DIRECT_CANONICAL_OBJECT_BY_SOURCE_UNIT_ID,fnv1a32:fdb55a00,PASS_DIRECT_REFERENCE
dat.51,learner.dat.kuda,term,fnv1a32:ec364eef,DIRECT_CANONICAL_OBJECT_BY_SOURCE_UNIT_ID,fnv1a32:ec364eef,PASS_DIRECT_REFERENCE
dat.53,learner.dat.kuda,paragraph,fnv1a32:f621900c,DIRECT_CANONICAL_OBJECT_BY_SOURCE_UNIT_ID,fnv1a32:f621900c,PASS_DIRECT_REFERENCE
dat.52,learner.dat.kuda,paragraph,fnv1a32:a1c42f7c,DIRECT_CANONICAL_OBJECT_BY_SOURCE_UNIT_ID,fnv1a32:a1c42f7c,PASS_DIRECT_REFERENCE
dat.54,learner.dat.kuda,paragraph,fnv1a32:1a571c60,DIRECT_CANONICAL_OBJECT_BY_SOURCE_UNIT_ID,fnv1a32:1a571c60,PASS_DIRECT_REFERENCE
dat.55,learner.dat.kuda,paragraph,fnv1a32:874a94cb,DIRECT_CANONICAL_OBJECT_BY_SOURCE_UNIT_ID,fnv1a32:874a94cb,PASS_DIRECT_REFERENCE
poss.1,learner.poss.owner,subheading,fnv1a32:bb695c1c,DIRECT_CANONICAL_OBJECT_BY_SOURCE_UNIT_ID,fnv1a32:bb695c1c,PASS_DIRECT_REFERENCE
poss.2,learner.poss.owner,paragraph,fnv1a32:18a79195,DIRECT_CANONICAL_OBJECT_BY_SOURCE_UNIT_ID,fnv1a32:18a79195,PASS_DIRECT_REFERENCE
poss.3,learner.poss.owner,example,fnv1a32:004dd292,DIRECT_CANONICAL_OBJECT_BY_SOURCE_UNIT_ID,fnv1a32:004dd292,PASS_DIRECT_REFERENCE
poss.4,learner.poss.owner,paragraph,fnv1a32:fce79a22,DIRECT_CANONICAL_OBJECT_BY_SOURCE_UNIT_ID,fnv1a32:fce79a22,PASS_DIRECT_REFERENCE
poss.5,learner.poss.owner,paragraph,fnv1a32:bc8e6148,DIRECT_CANONICAL_OBJECT_BY_SOURCE_UNIT_ID,fnv1a32:bc8e6148,PASS_DIRECT_REFERENCE
poss.6,learner.poss.owner,subheading,fnv1a32:c68e4f9b,DIRECT_CANONICAL_OBJECT_BY_SOURCE_UNIT_ID,fnv1a32:c68e4f9b,PASS_DIRECT_REFERENCE
poss.7,learner.poss.owner,example,fnv1a32:42cea0f8,DIRECT_CANONICAL_OBJECT_BY_SOURCE_UNIT_ID,fnv1a32:42cea0f8,PASS_DIRECT_REFERENCE
poss.8,learner.poss.owner,example,fnv1a32:996f23ea,DIRECT_CANONICAL_OBJECT_BY_SOURCE_UNIT_ID,fnv1a32:996f23ea,PASS_DIRECT_REFERENCE
poss.9,learner.poss.owner,paragraph,fnv1a32:9e04348f,DIRECT_CANONICAL_OBJECT_BY_SOURCE_UNIT_ID,fnv1a32:9e04348f,PASS_DIRECT_REFERENCE
poss.10,learner.poss.owner,example,fnv1a32:04701dfb,DIRECT_CANONICAL_OBJECT_BY_SOURCE_UNIT_ID,fnv1a32:04701dfb,PASS_DIRECT_REFERENCE
poss.11,learner.poss.owner,example,fnv1a32:89db9ecd,DIRECT_CANONICAL_OBJECT_BY_SOURCE_UNIT_ID,fnv1a32:89db9ecd,PASS_DIRECT_REFERENCE
poss.11b,learner.poss.owner,example,fnv1a32:9f71c4bd,DIRECT_CANONICAL_OBJECT_BY_SOURCE_UNIT_ID,fnv1a32:9f71c4bd,PASS_DIRECT_REFERENCE
poss.11c,learner.poss.owner,example,fnv1a32:70508825,DIRECT_CANONICAL_OBJECT_BY_SOURCE_UNIT_ID,fnv1a32:70508825,PASS_DIRECT_REFERENCE
poss.11d,learner.poss.owner,example,fnv1a32:030bb8cb,DIRECT_CANONICAL_OBJECT_BY_SOURCE_UNIT_ID,fnv1a32:030bb8cb,PASS_DIRECT_REFERENCE
poss.11e,learner.poss.owner,example,fnv1a32:b5dee696,DIRECT_CANONICAL_OBJECT_BY_SOURCE_UNIT_ID,fnv1a32:b5dee696,PASS_DIRECT_REFERENCE
poss.11f,learner.poss.owner,example,fnv1a32:67bb4f04,DIRECT_CANONICAL_OBJECT_BY_SOURCE_UNIT_ID,fnv1a32:67bb4f04,PASS_DIRECT_REFERENCE
poss.11g,learner.poss.owner,example,fnv1a32:b5ed6b28,DIRECT_CANONICAL_OBJECT_BY_SOURCE_UNIT_ID,fnv1a32:b5ed6b28,PASS_DIRECT_REFERENCE
poss.11h,learner.poss.owner,example,fnv1a32:32b949c0,DIRECT_CANONICAL_OBJECT_BY_SOURCE_UNIT_ID,fnv1a32:32b949c0,PASS_DIRECT_REFERENCE
poss.11i,learner.poss.owner,example,fnv1a32:4c72060c,DIRECT_CANONICAL_OBJECT_BY_SOURCE_UNIT_ID,fnv1a32:4c72060c,PASS_DIRECT_REFERENCE
poss.11j,learner.poss.owner,example,fnv1a32:274018a8,DIRECT_CANONICAL_OBJECT_BY_SOURCE_UNIT_ID,fnv1a32:274018a8,PASS_DIRECT_REFERENCE
poss.11k,learner.poss.owner,example,fnv1a32:be2b6350,DIRECT_CANONICAL_OBJECT_BY_SOURCE_UNIT_ID,fnv1a32:be2b6350,PASS_DIRECT_REFERENCE
poss.11l,learner.poss.owner,example,fnv1a32:5caf3812,DIRECT_CANONICAL_OBJECT_BY_SOURCE_UNIT_ID,fnv1a32:5caf3812,PASS_DIRECT_REFERENCE
poss.11m,learner.poss.owner,example,fnv1a32:8d338840,DIRECT_CANONICAL_OBJECT_BY_SOURCE_UNIT_ID,fnv1a32:8d338840,PASS_DIRECT_REFERENCE
poss.11n,learner.poss.owner,example,fnv1a32:a984bae5,DIRECT_CANONICAL_OBJECT_BY_SOURCE_UNIT_ID,fnv1a32:a984bae5,PASS_DIRECT_REFERENCE
poss.11o,learner.poss.owner,example,fnv1a32:88dcc21d,DIRECT_CANONICAL_OBJECT_BY_SOURCE_UNIT_ID,fnv1a32:88dcc21d,PASS_DIRECT_REFERENCE
poss.11p,learner.poss.owner,example,fnv1a32:7d456281,DIRECT_CANONICAL_OBJECT_BY_SOURCE_UNIT_ID,fnv1a32:7d456281,PASS_DIRECT_REFERENCE
poss.11q,learner.poss.owner,example,fnv1a32:7808b85e,DIRECT_CANONICAL_OBJECT_BY_SOURCE_UNIT_ID,fnv1a32:7808b85e,PASS_DIRECT_REFERENCE
poss.11r,learner.poss.owner,example,fnv1a32:d5d2c5c5,DIRECT_CANONICAL_OBJECT_BY_SOURCE_UNIT_ID,fnv1a32:d5d2c5c5,PASS_DIRECT_REFERENCE
poss.12,learner.poss.owner,paragraph,fnv1a32:3aa415b3,DIRECT_CANONICAL_OBJECT_BY_SOURCE_UNIT_ID,fnv1a32:3aa415b3,PASS_DIRECT_REFERENCE
poss.13,learner.poss.owner,warning,fnv1a32:00cf0bb1,DIRECT_CANONICAL_OBJECT_BY_SOURCE_UNIT_ID,fnv1a32:00cf0bb1,PASS_DIRECT_REFERENCE
poss.14,learner.poss.owner,subheading,fnv1a32:39d3c054,DIRECT_CANONICAL_OBJECT_BY_SOURCE_UNIT_ID,fnv1a32:39d3c054,PASS_DIRECT_REFERENCE
poss.15,learner.poss.owner,example,fnv1a32:06955c13,DIRECT_CANONICAL_OBJECT_BY_SOURCE_UNIT_ID,fnv1a32:06955c13,PASS_DIRECT_REFERENCE
poss.16,learner.poss.owner,example,fnv1a32:79e0c768,DIRECT_CANONICAL_OBJECT_BY_SOURCE_UNIT_ID,fnv1a32:79e0c768,PASS_DIRECT_REFERENCE
poss.17,learner.poss.owner,paragraph,fnv1a32:9d220bb4,DIRECT_CANONICAL_OBJECT_BY_SOURCE_UNIT_ID,fnv1a32:9d220bb4,PASS_DIRECT_REFERENCE
poss.18,learner.poss.owner,list,fnv1a32:99934cd8,DIRECT_CANONICAL_OBJECT_BY_SOURCE_UNIT_ID,fnv1a32:99934cd8,PASS_DIRECT_REFERENCE
poss.19,learner.poss.owner,paragraph,fnv1a32:8da0981f,DIRECT_CANONICAL_OBJECT_BY_SOURCE_UNIT_ID,fnv1a32:8da0981f,PASS_DIRECT_REFERENCE
poss.20,learner.poss.owner,subheading,fnv1a32:5324d1ac,DIRECT_CANONICAL_OBJECT_BY_SOURCE_UNIT_ID,fnv1a32:5324d1ac,PASS_DIRECT_REFERENCE
poss.21,learner.poss.owner,example,fnv1a32:f72e40df,DIRECT_CANONICAL_OBJECT_BY_SOURCE_UNIT_ID,fnv1a32:f72e40df,PASS_DIRECT_REFERENCE
poss.22,learner.poss.owner,example,fnv1a32:1750b446,DIRECT_CANONICAL_OBJECT_BY_SOURCE_UNIT_ID,fnv1a32:1750b446,PASS_DIRECT_REFERENCE
poss.23,learner.poss.owner,example,fnv1a32:c8996c07,DIRECT_CANONICAL_OBJECT_BY_SOURCE_UNIT_ID,fnv1a32:c8996c07,PASS_DIRECT_REFERENCE
poss.24,learner.poss.owner,paragraph,fnv1a32:cf7f92b6,DIRECT_CANONICAL_OBJECT_BY_SOURCE_UNIT_ID,fnv1a32:cf7f92b6,PASS_DIRECT_REFERENCE
poss.25,learner.poss.owner,warning,fnv1a32:ca0c61c0,DIRECT_CANONICAL_OBJECT_BY_SOURCE_UNIT_ID,fnv1a32:ca0c61c0,PASS_DIRECT_REFERENCE
poss.26,learner.poss.owner,subheading,fnv1a32:f62a78a5,DIRECT_CANONICAL_OBJECT_BY_SOURCE_UNIT_ID,fnv1a32:f62a78a5,PASS_DIRECT_REFERENCE
poss.27,learner.poss.owner,paragraph,fnv1a32:8b1bd933,DIRECT_CANONICAL_OBJECT_BY_SOURCE_UNIT_ID,fnv1a32:8b1bd933,PASS_DIRECT_REFERENCE
poss.28,learner.poss.owner,table,fnv1a32:f28c6523,DIRECT_CANONICAL_OBJECT_BY_SOURCE_UNIT_ID,fnv1a32:f28c6523,PASS_DIRECT_REFERENCE
poss.28b,learner.poss.owner,paragraph,fnv1a32:ea038a34,DIRECT_CANONICAL_OBJECT_BY_SOURCE_UNIT_ID,fnv1a32:ea038a34,PASS_DIRECT_REFERENCE
poss.29,learner.poss.owner,example,fnv1a32:8564622a,DIRECT_CANONICAL_OBJECT_BY_SOURCE_UNIT_ID,fnv1a32:8564622a,PASS_DIRECT_REFERENCE
poss.30,learner.poss.owner,example,fnv1a32:3777f5b5,DIRECT_CANONICAL_OBJECT_BY_SOURCE_UNIT_ID,fnv1a32:3777f5b5,PASS_DIRECT_REFERENCE
poss.31,learner.poss.owner,example,fnv1a32:d86bb02f,DIRECT_CANONICAL_OBJECT_BY_SOURCE_UNIT_ID,fnv1a32:d86bb02f,PASS_DIRECT_REFERENCE
poss.32,learner.poss.owner,example,fnv1a32:12c9c1c7,DIRECT_CANONICAL_OBJECT_BY_SOURCE_UNIT_ID,fnv1a32:12c9c1c7,PASS_DIRECT_REFERENCE
poss.33,learner.poss.owner,example,fnv1a32:20910da5,DIRECT_CANONICAL_OBJECT_BY_SOURCE_UNIT_ID,fnv1a32:20910da5,PASS_DIRECT_REFERENCE
poss.34,learner.poss.owner,example,fnv1a32:80b216a3,DIRECT_CANONICAL_OBJECT_BY_SOURCE_UNIT_ID,fnv1a32:80b216a3,PASS_DIRECT_REFERENCE
poss.35,learner.poss.owner,example,fnv1a32:57ab63c6,DIRECT_CANONICAL_OBJECT_BY_SOURCE_UNIT_ID,fnv1a32:57ab63c6,PASS_DIRECT_REFERENCE
poss.36,learner.poss.owner,example,fnv1a32:4420830e,DIRECT_CANONICAL_OBJECT_BY_SOURCE_UNIT_ID,fnv1a32:4420830e,PASS_DIRECT_REFERENCE
poss.37,learner.poss.owner,warning,fnv1a32:fa43e48e,DIRECT_CANONICAL_OBJECT_BY_SOURCE_UNIT_ID,fnv1a32:fa43e48e,PASS_DIRECT_REFERENCE
poss.38,learner.poss.owner,subheading,fnv1a32:2a65053e,DIRECT_CANONICAL_OBJECT_BY_SOURCE_UNIT_ID,fnv1a32:2a65053e,PASS_DIRECT_REFERENCE
poss.39,learner.poss.owner,paragraph,fnv1a32:e3ed885a,DIRECT_CANONICAL_OBJECT_BY_SOURCE_UNIT_ID,fnv1a32:e3ed885a,PASS_DIRECT_REFERENCE
poss.40,learner.poss.owner,example,fnv1a32:a80dc88b,DIRECT_CANONICAL_OBJECT_BY_SOURCE_UNIT_ID,fnv1a32:a80dc88b,PASS_DIRECT_REFERENCE
poss.41,learner.poss.owner,paragraph,fnv1a32:7ddc6cb3,DIRECT_CANONICAL_OBJECT_BY_SOURCE_UNIT_ID,fnv1a32:7ddc6cb3,PASS_DIRECT_REFERENCE
poss.42,learner.poss.owner,example,fnv1a32:8c3b6581,DIRECT_CANONICAL_OBJECT_BY_SOURCE_UNIT_ID,fnv1a32:8c3b6581,PASS_DIRECT_REFERENCE
poss.43,learner.poss.owner,example,fnv1a32:5195a5e9,DIRECT_CANONICAL_OBJECT_BY_SOURCE_UNIT_ID,fnv1a32:5195a5e9,PASS_DIRECT_REFERENCE
poss.44,learner.poss.owner,paragraph,fnv1a32:c5d73437,DIRECT_CANONICAL_OBJECT_BY_SOURCE_UNIT_ID,fnv1a32:c5d73437,PASS_DIRECT_REFERENCE
poss.45,learner.poss.owner,example,fnv1a32:4114bd82,DIRECT_CANONICAL_OBJECT_BY_SOURCE_UNIT_ID,fnv1a32:4114bd82,PASS_DIRECT_REFERENCE
poss.46,learner.poss.owner,example,fnv1a32:f9e900b7,DIRECT_CANONICAL_OBJECT_BY_SOURCE_UNIT_ID,fnv1a32:f9e900b7,PASS_DIRECT_REFERENCE
poss.47,learner.poss.owner,example,fnv1a32:656a9979,DIRECT_CANONICAL_OBJECT_BY_SOURCE_UNIT_ID,fnv1a32:656a9979,PASS_DIRECT_REFERENCE
poss.48,learner.poss.owner,example,fnv1a32:a8994d8c,DIRECT_CANONICAL_OBJECT_BY_SOURCE_UNIT_ID,fnv1a32:a8994d8c,PASS_DIRECT_REFERENCE
poss.49,learner.poss.owner,warning,fnv1a32:e3247e02,DIRECT_CANONICAL_OBJECT_BY_SOURCE_UNIT_ID,fnv1a32:e3247e02,PASS_DIRECT_REFERENCE
poss.50,learner.poss.owner,subheading,fnv1a32:cbf68589,DIRECT_CANONICAL_OBJECT_BY_SOURCE_UNIT_ID,fnv1a32:cbf68589,PASS_DIRECT_REFERENCE
poss.51,learner.poss.owner,try,fnv1a32:1e30e927,DIRECT_CANONICAL_OBJECT_BY_SOURCE_UNIT_ID,fnv1a32:1e30e927,PASS_DIRECT_REFERENCE
poss.52,learner.poss.owner,paragraph,fnv1a32:a9b0007b,DIRECT_CANONICAL_OBJECT_BY_SOURCE_UNIT_ID,fnv1a32:a9b0007b,PASS_DIRECT_REFERENCE
poss.53,learner.poss.owner,paragraph,fnv1a32:b0a90e77,DIRECT_CANONICAL_OBJECT_BY_SOURCE_UNIT_ID,fnv1a32:b0a90e77,PASS_DIRECT_REFERENCE
poss.54,learner.poss.owner,paragraph,fnv1a32:ee72f051,DIRECT_CANONICAL_OBJECT_BY_SOURCE_UNIT_ID,fnv1a32:ee72f051,PASS_DIRECT_REFERENCE
poss.55,learner.poss.owner,subheading,fnv1a32:a8953eec,DIRECT_CANONICAL_OBJECT_BY_SOURCE_UNIT_ID,fnv1a32:a8953eec,PASS_DIRECT_REFERENCE
poss.56,learner.poss.owner,paragraph,fnv1a32:2e774457,DIRECT_CANONICAL_OBJECT_BY_SOURCE_UNIT_ID,fnv1a32:2e774457,PASS_DIRECT_REFERENCE
poss.57,learner.poss.owner,example,fnv1a32:8494603f,DIRECT_CANONICAL_OBJECT_BY_SOURCE_UNIT_ID,fnv1a32:8494603f,PASS_DIRECT_REFERENCE
poss.58,learner.poss.owner,example,fnv1a32:fde70c2d,DIRECT_CANONICAL_OBJECT_BY_SOURCE_UNIT_ID,fnv1a32:fde70c2d,PASS_DIRECT_REFERENCE
poss.59,learner.poss.owner,paragraph,fnv1a32:0feb963a,DIRECT_CANONICAL_OBJECT_BY_SOURCE_UNIT_ID,fnv1a32:0feb963a,PASS_DIRECT_REFERENCE
poss.60,learner.poss.owner,table,fnv1a32:9215d3d8,DIRECT_CANONICAL_OBJECT_BY_SOURCE_UNIT_ID,fnv1a32:9215d3d8,PASS_DIRECT_REFERENCE
poss.61,learner.poss.owner,example,fnv1a32:df675ee1,DIRECT_CANONICAL_OBJECT_BY_SOURCE_UNIT_ID,fnv1a32:df675ee1,PASS_DIRECT_REFERENCE
poss.62,learner.poss.owner,example,fnv1a32:c1c31b4d,DIRECT_CANONICAL_OBJECT_BY_SOURCE_UNIT_ID,fnv1a32:c1c31b4d,PASS_DIRECT_REFERENCE
poss.63,learner.poss.owner,example,fnv1a32:b4e016de,DIRECT_CANONICAL_OBJECT_BY_SOURCE_UNIT_ID,fnv1a32:b4e016de,PASS_DIRECT_REFERENCE
poss.64,learner.poss.owner,warning,fnv1a32:39fa1ae3,DIRECT_CANONICAL_OBJECT_BY_SOURCE_UNIT_ID,fnv1a32:39fa1ae3,PASS_DIRECT_REFERENCE
poss.65,learner.poss.owner,paragraph,fnv1a32:1729ba57,DIRECT_CANONICAL_OBJECT_BY_SOURCE_UNIT_ID,fnv1a32:1729ba57,PASS_DIRECT_REFERENCE
poss.66,learner.poss.owner,example,fnv1a32:798f5061,DIRECT_CANONICAL_OBJECT_BY_SOURCE_UNIT_ID,fnv1a32:798f5061,PASS_DIRECT_REFERENCE
poss.67,learner.poss.owner,example,fnv1a32:239697a3,DIRECT_CANONICAL_OBJECT_BY_SOURCE_UNIT_ID,fnv1a32:239697a3,PASS_DIRECT_REFERENCE
poss.68,learner.poss.owner,example,fnv1a32:1312c862,DIRECT_CANONICAL_OBJECT_BY_SOURCE_UNIT_ID,fnv1a32:1312c862,PASS_DIRECT_REFERENCE
poss.69,learner.poss.owner,example,fnv1a32:c5905f22,DIRECT_CANONICAL_OBJECT_BY_SOURCE_UNIT_ID,fnv1a32:c5905f22,PASS_DIRECT_REFERENCE
poss.70,learner.poss.owner,subheading,fnv1a32:7084c353,DIRECT_CANONICAL_OBJECT_BY_SOURCE_UNIT_ID,fnv1a32:7084c353,PASS_DIRECT_REFERENCE
poss.71,learner.poss.owner,example,fnv1a32:b91b96ec,DIRECT_CANONICAL_OBJECT_BY_SOURCE_UNIT_ID,fnv1a32:b91b96ec,PASS_DIRECT_REFERENCE
poss.72,learner.poss.owner,example,fnv1a32:8d430765,DIRECT_CANONICAL_OBJECT_BY_SOURCE_UNIT_ID,fnv1a32:8d430765,PASS_DIRECT_REFERENCE
poss.73,learner.poss.owner,example,fnv1a32:c505fdaf,DIRECT_CANONICAL_OBJECT_BY_SOURCE_UNIT_ID,fnv1a32:c505fdaf,PASS_DIRECT_REFERENCE
poss.74,learner.poss.owner,paragraph,fnv1a32:9e3ecd4f,DIRECT_CANONICAL_OBJECT_BY_SOURCE_UNIT_ID,fnv1a32:9e3ecd4f,PASS_DIRECT_REFERENCE
poss.75,learner.poss.owner,term,fnv1a32:9b392be6,DIRECT_CANONICAL_OBJECT_BY_SOURCE_UNIT_ID,fnv1a32:9b392be6,PASS_DIRECT_REFERENCE
poss.76,learner.poss.owner,paragraph,fnv1a32:b57c6544,DIRECT_CANONICAL_OBJECT_BY_SOURCE_UNIT_ID,fnv1a32:b57c6544,PASS_DIRECT_REFERENCE
poss.77,learner.poss.owner,subheading,fnv1a32:6710070a,DIRECT_CANONICAL_OBJECT_BY_SOURCE_UNIT_ID,fnv1a32:6710070a,PASS_DIRECT_REFERENCE
poss.79,learner.poss.owner,paragraph,fnv1a32:a80b14dc,DIRECT_CANONICAL_OBJECT_BY_SOURCE_UNIT_ID,fnv1a32:a80b14dc,PASS_DIRECT_REFERENCE
poss.80,learner.poss.owner,paragraph,fnv1a32:61642670,DIRECT_CANONICAL_OBJECT_BY_SOURCE_UNIT_ID,fnv1a32:61642670,PASS_DIRECT_REFERENCE
poss.78,learner.poss.owner,list,fnv1a32:2de89cdc,DIRECT_CANONICAL_OBJECT_BY_SOURCE_UNIT_ID,fnv1a32:2de89cdc,PASS_DIRECT_REFERENCE
loc.1,learner.loc.where,subheading,fnv1a32:e4bd8cd7,DIRECT_CANONICAL_OBJECT_BY_SOURCE_UNIT_ID,fnv1a32:e4bd8cd7,PASS_DIRECT_REFERENCE
loc.2,learner.loc.where,paragraph,fnv1a32:31173386,DIRECT_CANONICAL_OBJECT_BY_SOURCE_UNIT_ID,fnv1a32:31173386,PASS_DIRECT_REFERENCE
loc.3,learner.loc.where,example,fnv1a32:d998dea0,DIRECT_CANONICAL_OBJECT_BY_SOURCE_UNIT_ID,fnv1a32:d998dea0,PASS_DIRECT_REFERENCE
loc.4,learner.loc.where,paragraph,fnv1a32:9344415d,DIRECT_CANONICAL_OBJECT_BY_SOURCE_UNIT_ID,fnv1a32:9344415d,PASS_DIRECT_REFERENCE
loc.5,learner.loc.where,warning,fnv1a32:eef43faa,DIRECT_CANONICAL_OBJECT_BY_SOURCE_UNIT_ID,fnv1a32:eef43faa,PASS_DIRECT_REFERENCE
loc.6,learner.loc.where,subheading,fnv1a32:bf2c1aaf,DIRECT_CANONICAL_OBJECT_BY_SOURCE_UNIT_ID,fnv1a32:bf2c1aaf,PASS_DIRECT_REFERENCE
loc.7,learner.loc.where,table,fnv1a32:e625b661,DIRECT_CANONICAL_OBJECT_BY_SOURCE_UNIT_ID,fnv1a32:e625b661,PASS_DIRECT_REFERENCE
loc.7b,learner.loc.where,example,fnv1a32:f503fec7,DIRECT_CANONICAL_OBJECT_BY_SOURCE_UNIT_ID,fnv1a32:f503fec7,PASS_DIRECT_REFERENCE
loc.7c,learner.loc.where,example,fnv1a32:f3721ee9,DIRECT_CANONICAL_OBJECT_BY_SOURCE_UNIT_ID,fnv1a32:f3721ee9,PASS_DIRECT_REFERENCE
loc.7d,learner.loc.where,example,fnv1a32:b3e4b81d,DIRECT_CANONICAL_OBJECT_BY_SOURCE_UNIT_ID,fnv1a32:b3e4b81d,PASS_DIRECT_REFERENCE
loc.7e,learner.loc.where,example,fnv1a32:93c81b9d,DIRECT_CANONICAL_OBJECT_BY_SOURCE_UNIT_ID,fnv1a32:93c81b9d,PASS_DIRECT_REFERENCE
loc.7f,learner.loc.where,example,fnv1a32:043af8dc,DIRECT_CANONICAL_OBJECT_BY_SOURCE_UNIT_ID,fnv1a32:043af8dc,PASS_DIRECT_REFERENCE
loc.7g,learner.loc.where,example,fnv1a32:9658c1f8,DIRECT_CANONICAL_OBJECT_BY_SOURCE_UNIT_ID,fnv1a32:9658c1f8,PASS_DIRECT_REFERENCE
loc.7h,learner.loc.where,example,fnv1a32:c9afe7dc,DIRECT_CANONICAL_OBJECT_BY_SOURCE_UNIT_ID,fnv1a32:c9afe7dc,PASS_DIRECT_REFERENCE
loc.7i,learner.loc.where,example,fnv1a32:bd037ab3,DIRECT_CANONICAL_OBJECT_BY_SOURCE_UNIT_ID,fnv1a32:bd037ab3,PASS_DIRECT_REFERENCE
loc.7j,learner.loc.where,example,fnv1a32:bf7aae13,DIRECT_CANONICAL_OBJECT_BY_SOURCE_UNIT_ID,fnv1a32:bf7aae13,PASS_DIRECT_REFERENCE
loc.8,learner.loc.where,table,fnv1a32:d1776a1c,DIRECT_CANONICAL_OBJECT_BY_SOURCE_UNIT_ID,fnv1a32:d1776a1c,PASS_DIRECT_REFERENCE
loc.9,learner.loc.where,example,fnv1a32:29297dcc,DIRECT_CANONICAL_OBJECT_BY_SOURCE_UNIT_ID,fnv1a32:29297dcc,PASS_DIRECT_REFERENCE
loc.10,learner.loc.where,example,fnv1a32:1805e2ef,DIRECT_CANONICAL_OBJECT_BY_SOURCE_UNIT_ID,fnv1a32:1805e2ef,PASS_DIRECT_REFERENCE
loc.11,learner.loc.where,subheading,fnv1a32:c05381d2,DIRECT_CANONICAL_OBJECT_BY_SOURCE_UNIT_ID,fnv1a32:c05381d2,PASS_DIRECT_REFERENCE
loc.12,learner.loc.where,paragraph,fnv1a32:29315e1d,DIRECT_CANONICAL_OBJECT_BY_SOURCE_UNIT_ID,fnv1a32:29315e1d,PASS_DIRECT_REFERENCE
loc.13,learner.loc.where,paragraph,fnv1a32:d0d741db,DIRECT_CANONICAL_OBJECT_BY_SOURCE_UNIT_ID,fnv1a32:d0d741db,PASS_DIRECT_REFERENCE
loc.14,learner.loc.where,paragraph,fnv1a32:2e2efe26,DIRECT_CANONICAL_OBJECT_BY_SOURCE_UNIT_ID,fnv1a32:2e2efe26,PASS_DIRECT_REFERENCE
loc.15,learner.loc.where,table,fnv1a32:ba384e6c,DIRECT_CANONICAL_OBJECT_BY_SOURCE_UNIT_ID,fnv1a32:ba384e6c,PASS_DIRECT_REFERENCE
loc.16,learner.loc.where,paragraph,fnv1a32:1eace73b,DIRECT_CANONICAL_OBJECT_BY_SOURCE_UNIT_ID,fnv1a32:1eace73b,PASS_DIRECT_REFERENCE
loc.17,learner.loc.where,warning,fnv1a32:d4f7bf0d,DIRECT_CANONICAL_OBJECT_BY_SOURCE_UNIT_ID,fnv1a32:d4f7bf0d,PASS_DIRECT_REFERENCE
loc.18,learner.loc.where,subheading,fnv1a32:54c5c0d6,DIRECT_CANONICAL_OBJECT_BY_SOURCE_UNIT_ID,fnv1a32:54c5c0d6,PASS_DIRECT_REFERENCE
loc.19,learner.loc.where,paragraph,fnv1a32:a3aae2e1,DIRECT_CANONICAL_OBJECT_BY_SOURCE_UNIT_ID,fnv1a32:a3aae2e1,PASS_DIRECT_REFERENCE
loc.20,learner.loc.where,try,fnv1a32:353a200b,DIRECT_CANONICAL_OBJECT_BY_SOURCE_UNIT_ID,fnv1a32:353a200b,PASS_DIRECT_REFERENCE
loc.21,learner.loc.where,subheading,fnv1a32:735db267,DIRECT_CANONICAL_OBJECT_BY_SOURCE_UNIT_ID,fnv1a32:735db267,PASS_DIRECT_REFERENCE
loc.22,learner.loc.where,example,fnv1a32:0a59e9f8,DIRECT_CANONICAL_OBJECT_BY_SOURCE_UNIT_ID,fnv1a32:0a59e9f8,PASS_DIRECT_REFERENCE
loc.23,learner.loc.where,paragraph,fnv1a32:a4c65d7c,DIRECT_CANONICAL_OBJECT_BY_SOURCE_UNIT_ID,fnv1a32:a4c65d7c,PASS_DIRECT_REFERENCE
loc.24,learner.loc.where,link,fnv1a32:5760c309,DIRECT_CANONICAL_OBJECT_BY_SOURCE_UNIT_ID,fnv1a32:5760c309,PASS_DIRECT_REFERENCE
loc.25,learner.loc.where,warning,fnv1a32:98373cd7,DIRECT_CANONICAL_OBJECT_BY_SOURCE_UNIT_ID,fnv1a32:98373cd7,PASS_DIRECT_REFERENCE
loc.26,learner.loc.where,term,fnv1a32:7e57db2d,DIRECT_CANONICAL_OBJECT_BY_SOURCE_UNIT_ID,fnv1a32:7e57db2d,PASS_DIRECT_REFERENCE
loc.27,learner.loc.where,paragraph,fnv1a32:230548be,DIRECT_CANONICAL_OBJECT_BY_SOURCE_UNIT_ID,fnv1a32:230548be,PASS_DIRECT_REFERENCE
loc.28,learner.loc.where,paragraph,fnv1a32:24244c1e,DIRECT_CANONICAL_OBJECT_BY_SOURCE_UNIT_ID,fnv1a32:24244c1e,PASS_DIRECT_REFERENCE
pl.1,learner.pl.several,subheading,fnv1a32:e77203a3,DIRECT_CANONICAL_OBJECT_BY_SOURCE_UNIT_ID,fnv1a32:e77203a3,PASS_DIRECT_REFERENCE
pl.2,learner.pl.several,paragraph,fnv1a32:1cc15e12,DIRECT_CANONICAL_OBJECT_BY_SOURCE_UNIT_ID,fnv1a32:1cc15e12,PASS_DIRECT_REFERENCE
pl.3,learner.pl.several,example,fnv1a32:0583b140,DIRECT_CANONICAL_OBJECT_BY_SOURCE_UNIT_ID,fnv1a32:0583b140,PASS_DIRECT_REFERENCE
pl.4,learner.pl.several,example,fnv1a32:4223525f,DIRECT_CANONICAL_OBJECT_BY_SOURCE_UNIT_ID,fnv1a32:4223525f,PASS_DIRECT_REFERENCE
pl.5,learner.pl.several,example,fnv1a32:21338aba,DIRECT_CANONICAL_OBJECT_BY_SOURCE_UNIT_ID,fnv1a32:21338aba,PASS_DIRECT_REFERENCE
pl.5b,learner.pl.several,example,fnv1a32:153b0a61,DIRECT_CANONICAL_OBJECT_BY_SOURCE_UNIT_ID,fnv1a32:153b0a61,PASS_DIRECT_REFERENCE
pl.5c,learner.pl.several,example,fnv1a32:71c53130,DIRECT_CANONICAL_OBJECT_BY_SOURCE_UNIT_ID,fnv1a32:71c53130,PASS_DIRECT_REFERENCE
pl.5d,learner.pl.several,example,fnv1a32:5f3343b8,DIRECT_CANONICAL_OBJECT_BY_SOURCE_UNIT_ID,fnv1a32:5f3343b8,PASS_DIRECT_REFERENCE
pl.5e,learner.pl.several,example,fnv1a32:855fb181,DIRECT_CANONICAL_OBJECT_BY_SOURCE_UNIT_ID,fnv1a32:855fb181,PASS_DIRECT_REFERENCE
pl.5f,learner.pl.several,example,fnv1a32:54405689,DIRECT_CANONICAL_OBJECT_BY_SOURCE_UNIT_ID,fnv1a32:54405689,PASS_DIRECT_REFERENCE
pl.5g,learner.pl.several,example,fnv1a32:d99a7e62,DIRECT_CANONICAL_OBJECT_BY_SOURCE_UNIT_ID,fnv1a32:d99a7e62,PASS_DIRECT_REFERENCE
pl.5h,learner.pl.several,example,fnv1a32:3fd4b269,DIRECT_CANONICAL_OBJECT_BY_SOURCE_UNIT_ID,fnv1a32:3fd4b269,PASS_DIRECT_REFERENCE
pl.5i,learner.pl.several,example,fnv1a32:93a9689f,DIRECT_CANONICAL_OBJECT_BY_SOURCE_UNIT_ID,fnv1a32:93a9689f,PASS_DIRECT_REFERENCE
pl.5j,learner.pl.several,example,fnv1a32:e411603f,DIRECT_CANONICAL_OBJECT_BY_SOURCE_UNIT_ID,fnv1a32:e411603f,PASS_DIRECT_REFERENCE
pl.5k,learner.pl.several,example,fnv1a32:bfc9be04,DIRECT_CANONICAL_OBJECT_BY_SOURCE_UNIT_ID,fnv1a32:bfc9be04,PASS_DIRECT_REFERENCE
pl.5l,learner.pl.several,example,fnv1a32:652bd15c,DIRECT_CANONICAL_OBJECT_BY_SOURCE_UNIT_ID,fnv1a32:652bd15c,PASS_DIRECT_REFERENCE
pl.6,learner.pl.several,paragraph,fnv1a32:976c0249,DIRECT_CANONICAL_OBJECT_BY_SOURCE_UNIT_ID,fnv1a32:976c0249,PASS_DIRECT_REFERENCE
pl.7,learner.pl.several,subheading,fnv1a32:50823458,DIRECT_CANONICAL_OBJECT_BY_SOURCE_UNIT_ID,fnv1a32:50823458,PASS_DIRECT_REFERENCE
pl.8,learner.pl.several,paragraph,fnv1a32:213e59a0,DIRECT_CANONICAL_OBJECT_BY_SOURCE_UNIT_ID,fnv1a32:213e59a0,PASS_DIRECT_REFERENCE
pl.9,learner.pl.several,paragraph,fnv1a32:fb4507c9,DIRECT_CANONICAL_OBJECT_BY_SOURCE_UNIT_ID,fnv1a32:fb4507c9,PASS_DIRECT_REFERENCE
pl.10,learner.pl.several,table,fnv1a32:880c0587,DIRECT_CANONICAL_OBJECT_BY_SOURCE_UNIT_ID,fnv1a32:880c0587,PASS_DIRECT_REFERENCE
pl.11,learner.pl.several,warning,fnv1a32:1d63f170,DIRECT_CANONICAL_OBJECT_BY_SOURCE_UNIT_ID,fnv1a32:1d63f170,PASS_DIRECT_REFERENCE
pl.11b,learner.pl.several,paragraph,fnv1a32:5e0b2763,DIRECT_CANONICAL_OBJECT_BY_SOURCE_UNIT_ID,fnv1a32:5e0b2763,PASS_DIRECT_REFERENCE
pl.11c,learner.pl.several,paragraph,fnv1a32:551ed424,DIRECT_CANONICAL_OBJECT_BY_SOURCE_UNIT_ID,fnv1a32:551ed424,PASS_DIRECT_REFERENCE
pl.12,learner.pl.several,paragraph,fnv1a32:bc38f0f5,DIRECT_CANONICAL_OBJECT_BY_SOURCE_UNIT_ID,fnv1a32:bc38f0f5,PASS_DIRECT_REFERENCE
pl.13,learner.pl.several,subheading,fnv1a32:8c978c0b,DIRECT_CANONICAL_OBJECT_BY_SOURCE_UNIT_ID,fnv1a32:8c978c0b,PASS_DIRECT_REFERENCE
pl.14,learner.pl.several,paragraph,fnv1a32:64f26f42,DIRECT_CANONICAL_OBJECT_BY_SOURCE_UNIT_ID,fnv1a32:64f26f42,PASS_DIRECT_REFERENCE
pl.15,learner.pl.several,example,fnv1a32:b814c150,DIRECT_CANONICAL_OBJECT_BY_SOURCE_UNIT_ID,fnv1a32:b814c150,PASS_DIRECT_REFERENCE
pl.16,learner.pl.several,example,fnv1a32:048c6dd1,DIRECT_CANONICAL_OBJECT_BY_SOURCE_UNIT_ID,fnv1a32:048c6dd1,PASS_DIRECT_REFERENCE
pl.17,learner.pl.several,try,fnv1a32:84181551,DIRECT_CANONICAL_OBJECT_BY_SOURCE_UNIT_ID,fnv1a32:84181551,PASS_DIRECT_REFERENCE
pl.18,learner.pl.several,term,fnv1a32:0183f51b,DIRECT_CANONICAL_OBJECT_BY_SOURCE_UNIT_ID,fnv1a32:0183f51b,PASS_DIRECT_REFERENCE
pl.20,learner.pl.several,paragraph,fnv1a32:7797fcab,DIRECT_CANONICAL_OBJECT_BY_SOURCE_UNIT_ID,fnv1a32:7797fcab,PASS_DIRECT_REFERENCE
pl.21,learner.pl.several,paragraph,fnv1a32:cc3c4a6f,DIRECT_CANONICAL_OBJECT_BY_SOURCE_UNIT_ID,fnv1a32:cc3c4a6f,PASS_DIRECT_REFERENCE
pl.19,learner.pl.several,list,fnv1a32:4199789d,DIRECT_CANONICAL_OBJECT_BY_SOURCE_UNIT_ID,fnv1a32:4199789d,PASS_DIRECT_REFERENCE
nas.1,learner.nasal.senses,subheading,fnv1a32:7f7c0536,DIRECT_CANONICAL_OBJECT_BY_SOURCE_UNIT_ID,fnv1a32:7f7c0536,PASS_DIRECT_REFERENCE
nas.2,learner.nasal.senses,paragraph,fnv1a32:a5917406,DIRECT_CANONICAL_OBJECT_BY_SOURCE_UNIT_ID,fnv1a32:a5917406,PASS_DIRECT_REFERENCE
nas.3,learner.nasal.senses,table,fnv1a32:31cc2b0d,DIRECT_CANONICAL_OBJECT_BY_SOURCE_UNIT_ID,fnv1a32:31cc2b0d,PASS_DIRECT_REFERENCE
nas.4,learner.nasal.senses,warning,fnv1a32:530fbc98,DIRECT_CANONICAL_OBJECT_BY_SOURCE_UNIT_ID,fnv1a32:530fbc98,PASS_DIRECT_REFERENCE
nas.4b,learner.nasal.senses,example,fnv1a32:a85cdf17,DIRECT_CANONICAL_OBJECT_BY_SOURCE_UNIT_ID,fnv1a32:a85cdf17,PASS_DIRECT_REFERENCE
nas.4c,learner.nasal.senses,example,fnv1a32:ce6a3672,DIRECT_CANONICAL_OBJECT_BY_SOURCE_UNIT_ID,fnv1a32:ce6a3672,PASS_DIRECT_REFERENCE
nas.4d,learner.nasal.senses,example,fnv1a32:e92f0258,DIRECT_CANONICAL_OBJECT_BY_SOURCE_UNIT_ID,fnv1a32:e92f0258,PASS_DIRECT_REFERENCE
nas.4e,learner.nasal.senses,example,fnv1a32:6792b852,DIRECT_CANONICAL_OBJECT_BY_SOURCE_UNIT_ID,fnv1a32:6792b852,PASS_DIRECT_REFERENCE
nas.4f,learner.nasal.senses,example,fnv1a32:1f344820,DIRECT_CANONICAL_OBJECT_BY_SOURCE_UNIT_ID,fnv1a32:1f344820,PASS_DIRECT_REFERENCE
nas.4g,learner.nasal.senses,example,fnv1a32:099a65cc,DIRECT_CANONICAL_OBJECT_BY_SOURCE_UNIT_ID,fnv1a32:099a65cc,PASS_DIRECT_REFERENCE
nas.4h,learner.nasal.senses,example,fnv1a32:bc426942,DIRECT_CANONICAL_OBJECT_BY_SOURCE_UNIT_ID,fnv1a32:bc426942,PASS_DIRECT_REFERENCE
nas.4i,learner.nasal.senses,example,fnv1a32:c9c49f37,DIRECT_CANONICAL_OBJECT_BY_SOURCE_UNIT_ID,fnv1a32:c9c49f37,PASS_DIRECT_REFERENCE
nas.4j,learner.nasal.senses,example,fnv1a32:5944efbd,DIRECT_CANONICAL_OBJECT_BY_SOURCE_UNIT_ID,fnv1a32:5944efbd,PASS_DIRECT_REFERENCE
nas.4k,learner.nasal.senses,example,fnv1a32:fdebec57,DIRECT_CANONICAL_OBJECT_BY_SOURCE_UNIT_ID,fnv1a32:fdebec57,PASS_DIRECT_REFERENCE
nas.4l,learner.nasal.senses,example,fnv1a32:17c39f1e,DIRECT_CANONICAL_OBJECT_BY_SOURCE_UNIT_ID,fnv1a32:17c39f1e,PASS_DIRECT_REFERENCE
nas.4m,learner.nasal.senses,example,fnv1a32:17401e87,DIRECT_CANONICAL_OBJECT_BY_SOURCE_UNIT_ID,fnv1a32:17401e87,PASS_DIRECT_REFERENCE
nas.4n,learner.nasal.senses,example,fnv1a32:9f01f369,DIRECT_CANONICAL_OBJECT_BY_SOURCE_UNIT_ID,fnv1a32:9f01f369,PASS_DIRECT_REFERENCE
nas.4o,learner.nasal.senses,example,fnv1a32:92c68538,DIRECT_CANONICAL_OBJECT_BY_SOURCE_UNIT_ID,fnv1a32:92c68538,PASS_DIRECT_REFERENCE
nas.5,learner.nasal.senses,subheading,fnv1a32:70ab2d92,DIRECT_CANONICAL_OBJECT_BY_SOURCE_UNIT_ID,fnv1a32:70ab2d92,PASS_DIRECT_REFERENCE
nas.6,learner.nasal.senses,paragraph,fnv1a32:e5ab805d,DIRECT_CANONICAL_OBJECT_BY_SOURCE_UNIT_ID,fnv1a32:e5ab805d,PASS_DIRECT_REFERENCE
nas.7,learner.nasal.senses,example,fnv1a32:ffa00b76,DIRECT_CANONICAL_OBJECT_BY_SOURCE_UNIT_ID,fnv1a32:ffa00b76,PASS_DIRECT_REFERENCE
nas.8,learner.nasal.senses,example,fnv1a32:b49385ef,DIRECT_CANONICAL_OBJECT_BY_SOURCE_UNIT_ID,fnv1a32:b49385ef,PASS_DIRECT_REFERENCE
nas.9,learner.nasal.senses,example,fnv1a32:b998fc3e,DIRECT_CANONICAL_OBJECT_BY_SOURCE_UNIT_ID,fnv1a32:b998fc3e,PASS_DIRECT_REFERENCE
nas.10,learner.nasal.senses,paragraph,fnv1a32:74b26515,DIRECT_CANONICAL_OBJECT_BY_SOURCE_UNIT_ID,fnv1a32:74b26515,PASS_DIRECT_REFERENCE
nas.10b,learner.nasal.senses,ordered-list,fnv1a32:0a99a429,DIRECT_CANONICAL_OBJECT_BY_SOURCE_UNIT_ID,fnv1a32:0a99a429,PASS_DIRECT_REFERENCE
nas.11,learner.nasal.senses,example,fnv1a32:b67df1e7,DIRECT_CANONICAL_OBJECT_BY_SOURCE_UNIT_ID,fnv1a32:b67df1e7,PASS_DIRECT_REFERENCE
nas.12,learner.nasal.senses,example,fnv1a32:1f0f4f32,DIRECT_CANONICAL_OBJECT_BY_SOURCE_UNIT_ID,fnv1a32:1f0f4f32,PASS_DIRECT_REFERENCE
nas.13,learner.nasal.senses,example,fnv1a32:35d43d4d,DIRECT_CANONICAL_OBJECT_BY_SOURCE_UNIT_ID,fnv1a32:35d43d4d,PASS_DIRECT_REFERENCE
nas.14,learner.nasal.senses,subheading,fnv1a32:a3f5d80f,DIRECT_CANONICAL_OBJECT_BY_SOURCE_UNIT_ID,fnv1a32:a3f5d80f,PASS_DIRECT_REFERENCE
nas.15,learner.nasal.senses,paragraph,fnv1a32:675e4d4a,DIRECT_CANONICAL_OBJECT_BY_SOURCE_UNIT_ID,fnv1a32:675e4d4a,PASS_DIRECT_REFERENCE
nas.16,learner.nasal.senses,example,fnv1a32:b453b501,DIRECT_CANONICAL_OBJECT_BY_SOURCE_UNIT_ID,fnv1a32:b453b501,PASS_DIRECT_REFERENCE
nas.17,learner.nasal.senses,example,fnv1a32:5e4fa271,DIRECT_CANONICAL_OBJECT_BY_SOURCE_UNIT_ID,fnv1a32:5e4fa271,PASS_DIRECT_REFERENCE
nas.18,learner.nasal.senses,example,fnv1a32:69f813f3,DIRECT_CANONICAL_OBJECT_BY_SOURCE_UNIT_ID,fnv1a32:69f813f3,PASS_DIRECT_REFERENCE
nas.19,learner.nasal.senses,example,fnv1a32:d838d484,DIRECT_CANONICAL_OBJECT_BY_SOURCE_UNIT_ID,fnv1a32:d838d484,PASS_DIRECT_REFERENCE
nas.20,learner.nasal.senses,warning,fnv1a32:3b1d7248,DIRECT_CANONICAL_OBJECT_BY_SOURCE_UNIT_ID,fnv1a32:3b1d7248,PASS_DIRECT_REFERENCE
nas.21,learner.nasal.senses,subheading,fnv1a32:8691437e,DIRECT_CANONICAL_OBJECT_BY_SOURCE_UNIT_ID,fnv1a32:8691437e,PASS_DIRECT_REFERENCE
nas.22,learner.nasal.senses,paragraph,fnv1a32:f13f5a75,DIRECT_CANONICAL_OBJECT_BY_SOURCE_UNIT_ID,fnv1a32:f13f5a75,PASS_DIRECT_REFERENCE
nas.23,learner.nasal.senses,example,fnv1a32:90c8da20,DIRECT_CANONICAL_OBJECT_BY_SOURCE_UNIT_ID,fnv1a32:90c8da20,PASS_DIRECT_REFERENCE
nas.24,learner.nasal.senses,example,fnv1a32:c645b31c,DIRECT_CANONICAL_OBJECT_BY_SOURCE_UNIT_ID,fnv1a32:c645b31c,PASS_DIRECT_REFERENCE
nas.25,learner.nasal.senses,example,fnv1a32:e009b64a,DIRECT_CANONICAL_OBJECT_BY_SOURCE_UNIT_ID,fnv1a32:e009b64a,PASS_DIRECT_REFERENCE
nas.26,learner.nasal.senses,example,fnv1a32:2960d0f3,DIRECT_CANONICAL_OBJECT_BY_SOURCE_UNIT_ID,fnv1a32:2960d0f3,PASS_DIRECT_REFERENCE
nas.27,learner.nasal.senses,paragraph,fnv1a32:eee322b7,DIRECT_CANONICAL_OBJECT_BY_SOURCE_UNIT_ID,fnv1a32:eee322b7,PASS_DIRECT_REFERENCE
nas.28,learner.nasal.senses,subheading,fnv1a32:ae61af6a,DIRECT_CANONICAL_OBJECT_BY_SOURCE_UNIT_ID,fnv1a32:ae61af6a,PASS_DIRECT_REFERENCE
nas.29,learner.nasal.senses,paragraph,fnv1a32:a26a8e1a,DIRECT_CANONICAL_OBJECT_BY_SOURCE_UNIT_ID,fnv1a32:a26a8e1a,PASS_DIRECT_REFERENCE
nas.30,learner.nasal.senses,example,fnv1a32:3e28333b,DIRECT_CANONICAL_OBJECT_BY_SOURCE_UNIT_ID,fnv1a32:3e28333b,PASS_DIRECT_REFERENCE
nas.31,learner.nasal.senses,subheading,fnv1a32:a1c5b7f0,DIRECT_CANONICAL_OBJECT_BY_SOURCE_UNIT_ID,fnv1a32:a1c5b7f0,PASS_DIRECT_REFERENCE
nas.32,learner.nasal.senses,paragraph,fnv1a32:16769606,DIRECT_CANONICAL_OBJECT_BY_SOURCE_UNIT_ID,fnv1a32:16769606,PASS_DIRECT_REFERENCE
nas.33,learner.nasal.senses,example,fnv1a32:ec4f0754,DIRECT_CANONICAL_OBJECT_BY_SOURCE_UNIT_ID,fnv1a32:ec4f0754,PASS_DIRECT_REFERENCE
nas.34,learner.nasal.senses,example,fnv1a32:ba593612,DIRECT_CANONICAL_OBJECT_BY_SOURCE_UNIT_ID,fnv1a32:ba593612,PASS_DIRECT_REFERENCE
nas.35,learner.nasal.senses,example,fnv1a32:5c25acfd,DIRECT_CANONICAL_OBJECT_BY_SOURCE_UNIT_ID,fnv1a32:5c25acfd,PASS_DIRECT_REFERENCE
nas.36,learner.nasal.senses,example,fnv1a32:82445301,DIRECT_CANONICAL_OBJECT_BY_SOURCE_UNIT_ID,fnv1a32:82445301,PASS_DIRECT_REFERENCE
nas.37,learner.nasal.senses,warning,fnv1a32:b81eeb83,DIRECT_CANONICAL_OBJECT_BY_SOURCE_UNIT_ID,fnv1a32:b81eeb83,PASS_DIRECT_REFERENCE
nas.37b,learner.nasal.senses,paragraph,fnv1a32:bcd13943,DIRECT_CANONICAL_OBJECT_BY_SOURCE_UNIT_ID,fnv1a32:bcd13943,PASS_DIRECT_REFERENCE
nas.37c,learner.nasal.senses,paragraph,fnv1a32:5a376ca6,DIRECT_CANONICAL_OBJECT_BY_SOURCE_UNIT_ID,fnv1a32:5a376ca6,PASS_DIRECT_REFERENCE
nas.37d,learner.nasal.senses,paragraph,fnv1a32:09836f45,DIRECT_CANONICAL_OBJECT_BY_SOURCE_UNIT_ID,fnv1a32:09836f45,PASS_DIRECT_REFERENCE
nas.47,learner.nasal.senses,subheading,fnv1a32:e4762e4a,DIRECT_CANONICAL_OBJECT_BY_SOURCE_UNIT_ID,fnv1a32:e4762e4a,PASS_DIRECT_REFERENCE
nas.48,learner.nasal.senses,paragraph,fnv1a32:a6f491b7,DIRECT_CANONICAL_OBJECT_BY_SOURCE_UNIT_ID,fnv1a32:a6f491b7,PASS_DIRECT_REFERENCE
nas.49,learner.nasal.senses,table,fnv1a32:b99adb02,DIRECT_CANONICAL_OBJECT_BY_SOURCE_UNIT_ID,fnv1a32:b99adb02,PASS_DIRECT_REFERENCE
nas.38,learner.nasal.senses,subheading,fnv1a32:4a5a724b,DIRECT_CANONICAL_OBJECT_BY_SOURCE_UNIT_ID,fnv1a32:4a5a724b,PASS_DIRECT_REFERENCE
nas.39,learner.nasal.senses,paragraph,fnv1a32:957f708f,DIRECT_CANONICAL_OBJECT_BY_SOURCE_UNIT_ID,fnv1a32:957f708f,PASS_DIRECT_REFERENCE
nas.40,learner.nasal.senses,example,fnv1a32:79fc36ba,DIRECT_CANONICAL_OBJECT_BY_SOURCE_UNIT_ID,fnv1a32:79fc36ba,PASS_DIRECT_REFERENCE
nas.41,learner.nasal.senses,example,fnv1a32:ca97dc64,DIRECT_CANONICAL_OBJECT_BY_SOURCE_UNIT_ID,fnv1a32:ca97dc64,PASS_DIRECT_REFERENCE
nas.42,learner.nasal.senses,example,fnv1a32:3b2a762a,DIRECT_CANONICAL_OBJECT_BY_SOURCE_UNIT_ID,fnv1a32:3b2a762a,PASS_DIRECT_REFERENCE
nas.43,learner.nasal.senses,try,fnv1a32:9bf3ee20,DIRECT_CANONICAL_OBJECT_BY_SOURCE_UNIT_ID,fnv1a32:9bf3ee20,PASS_DIRECT_REFERENCE
nas.44,learner.nasal.senses,try,fnv1a32:b406586d,DIRECT_CANONICAL_OBJECT_BY_SOURCE_UNIT_ID,fnv1a32:b406586d,PASS_DIRECT_REFERENCE
nas.45,learner.nasal.senses,term,fnv1a32:034ffc4a,DIRECT_CANONICAL_OBJECT_BY_SOURCE_UNIT_ID,fnv1a32:034ffc4a,PASS_DIRECT_REFERENCE
nas.50,learner.nasal.senses,paragraph,fnv1a32:de0f1c0a,DIRECT_CANONICAL_OBJECT_BY_SOURCE_UNIT_ID,fnv1a32:de0f1c0a,PASS_DIRECT_REFERENCE
nas.51,learner.nasal.senses,paragraph,fnv1a32:84f170fd,DIRECT_CANONICAL_OBJECT_BY_SOURCE_UNIT_ID,fnv1a32:84f170fd,PASS_DIRECT_REFERENCE
nas.52,learner.nasal.senses,paragraph,fnv1a32:5364da34,DIRECT_CANONICAL_OBJECT_BY_SOURCE_UNIT_ID,fnv1a32:5364da34,PASS_DIRECT_REFERENCE
nas.53,learner.nasal.senses,paragraph,fnv1a32:dbd7e3b7,DIRECT_CANONICAL_OBJECT_BY_SOURCE_UNIT_ID,fnv1a32:dbd7e3b7,PASS_DIRECT_REFERENCE
nas.54,learner.nasal.senses,paragraph,fnv1a32:056a0101,DIRECT_CANONICAL_OBJECT_BY_SOURCE_UNIT_ID,fnv1a32:056a0101,PASS_DIRECT_REFERENCE
nas.55,learner.nasal.senses,paragraph,fnv1a32:91a30ad5,DIRECT_CANONICAL_OBJECT_BY_SOURCE_UNIT_ID,fnv1a32:91a30ad5,PASS_DIRECT_REFERENCE
nas.46,learner.nasal.senses,list,fnv1a32:bbc38f74,DIRECT_CANONICAL_OBJECT_BY_SOURCE_UNIT_ID,fnv1a32:bbc38f74,PASS_DIRECT_REFERENCE
per.1,learner.person.roles,subheading,fnv1a32:65adeabe,DIRECT_CANONICAL_OBJECT_BY_SOURCE_UNIT_ID,fnv1a32:65adeabe,PASS_DIRECT_REFERENCE
per.2,learner.person.roles,paragraph,fnv1a32:b7f8949f,DIRECT_CANONICAL_OBJECT_BY_SOURCE_UNIT_ID,fnv1a32:b7f8949f,PASS_DIRECT_REFERENCE
per.3,learner.person.roles,example,fnv1a32:5387f48f,DIRECT_CANONICAL_OBJECT_BY_SOURCE_UNIT_ID,fnv1a32:5387f48f,PASS_DIRECT_REFERENCE
per.4,learner.person.roles,example,fnv1a32:dec5efac,DIRECT_CANONICAL_OBJECT_BY_SOURCE_UNIT_ID,fnv1a32:dec5efac,PASS_DIRECT_REFERENCE
per.5,learner.person.roles,example,fnv1a32:302ab082,DIRECT_CANONICAL_OBJECT_BY_SOURCE_UNIT_ID,fnv1a32:302ab082,PASS_DIRECT_REFERENCE
per.6,learner.person.roles,warning,fnv1a32:15009bf7,DIRECT_CANONICAL_OBJECT_BY_SOURCE_UNIT_ID,fnv1a32:15009bf7,PASS_DIRECT_REFERENCE
per.7,learner.person.roles,example,fnv1a32:6c690cdc,DIRECT_CANONICAL_OBJECT_BY_SOURCE_UNIT_ID,fnv1a32:6c690cdc,PASS_DIRECT_REFERENCE
per.8,learner.person.roles,example,fnv1a32:07327886,DIRECT_CANONICAL_OBJECT_BY_SOURCE_UNIT_ID,fnv1a32:07327886,PASS_DIRECT_REFERENCE
per.9,learner.person.roles,subheading,fnv1a32:0259c6d1,DIRECT_CANONICAL_OBJECT_BY_SOURCE_UNIT_ID,fnv1a32:0259c6d1,PASS_DIRECT_REFERENCE
per.10,learner.person.roles,paragraph,fnv1a32:b17bed55,DIRECT_CANONICAL_OBJECT_BY_SOURCE_UNIT_ID,fnv1a32:b17bed55,PASS_DIRECT_REFERENCE
per.11,learner.person.roles,example,fnv1a32:94ebcc57,DIRECT_CANONICAL_OBJECT_BY_SOURCE_UNIT_ID,fnv1a32:94ebcc57,PASS_DIRECT_REFERENCE
per.12,learner.person.roles,example,fnv1a32:a342a9b7,DIRECT_CANONICAL_OBJECT_BY_SOURCE_UNIT_ID,fnv1a32:a342a9b7,PASS_DIRECT_REFERENCE
per.13,learner.person.roles,example,fnv1a32:c58eee3c,DIRECT_CANONICAL_OBJECT_BY_SOURCE_UNIT_ID,fnv1a32:c58eee3c,PASS_DIRECT_REFERENCE
per.14,learner.person.roles,example,fnv1a32:c7b476db,DIRECT_CANONICAL_OBJECT_BY_SOURCE_UNIT_ID,fnv1a32:c7b476db,PASS_DIRECT_REFERENCE
per.15,learner.person.roles,example,fnv1a32:c34bf829,DIRECT_CANONICAL_OBJECT_BY_SOURCE_UNIT_ID,fnv1a32:c34bf829,PASS_DIRECT_REFERENCE
per.16,learner.person.roles,example,fnv1a32:561c137d,DIRECT_CANONICAL_OBJECT_BY_SOURCE_UNIT_ID,fnv1a32:561c137d,PASS_DIRECT_REFERENCE
per.17,learner.person.roles,example,fnv1a32:8e3a564d,DIRECT_CANONICAL_OBJECT_BY_SOURCE_UNIT_ID,fnv1a32:8e3a564d,PASS_DIRECT_REFERENCE
per.18,learner.person.roles,example,fnv1a32:03109ba1,DIRECT_CANONICAL_OBJECT_BY_SOURCE_UNIT_ID,fnv1a32:03109ba1,PASS_DIRECT_REFERENCE
per.19,learner.person.roles,example,fnv1a32:a0feb856,DIRECT_CANONICAL_OBJECT_BY_SOURCE_UNIT_ID,fnv1a32:a0feb856,PASS_DIRECT_REFERENCE
per.20,learner.person.roles,subheading,fnv1a32:349745be,DIRECT_CANONICAL_OBJECT_BY_SOURCE_UNIT_ID,fnv1a32:349745be,PASS_DIRECT_REFERENCE
per.21,learner.person.roles,paragraph,fnv1a32:2cf1f66c,DIRECT_CANONICAL_OBJECT_BY_SOURCE_UNIT_ID,fnv1a32:2cf1f66c,PASS_DIRECT_REFERENCE
per.22,learner.person.roles,example,fnv1a32:a74f5368,DIRECT_CANONICAL_OBJECT_BY_SOURCE_UNIT_ID,fnv1a32:a74f5368,PASS_DIRECT_REFERENCE
per.23,learner.person.roles,example,fnv1a32:3312658c,DIRECT_CANONICAL_OBJECT_BY_SOURCE_UNIT_ID,fnv1a32:3312658c,PASS_DIRECT_REFERENCE
per.24,learner.person.roles,example,fnv1a32:45709abe,DIRECT_CANONICAL_OBJECT_BY_SOURCE_UNIT_ID,fnv1a32:45709abe,PASS_DIRECT_REFERENCE
per.25,learner.person.roles,example,fnv1a32:a6be2d62,DIRECT_CANONICAL_OBJECT_BY_SOURCE_UNIT_ID,fnv1a32:a6be2d62,PASS_DIRECT_REFERENCE
per.26,learner.person.roles,example,fnv1a32:8375b718,DIRECT_CANONICAL_OBJECT_BY_SOURCE_UNIT_ID,fnv1a32:8375b718,PASS_DIRECT_REFERENCE
per.27,learner.person.roles,example,fnv1a32:21018e45,DIRECT_CANONICAL_OBJECT_BY_SOURCE_UNIT_ID,fnv1a32:21018e45,PASS_DIRECT_REFERENCE
per.28,learner.person.roles,example,fnv1a32:decec593,DIRECT_CANONICAL_OBJECT_BY_SOURCE_UNIT_ID,fnv1a32:decec593,PASS_DIRECT_REFERENCE
per.29,learner.person.roles,subheading,fnv1a32:eb64f730,DIRECT_CANONICAL_OBJECT_BY_SOURCE_UNIT_ID,fnv1a32:eb64f730,PASS_DIRECT_REFERENCE
per.30,learner.person.roles,paragraph,fnv1a32:b9112e8a,DIRECT_CANONICAL_OBJECT_BY_SOURCE_UNIT_ID,fnv1a32:b9112e8a,PASS_DIRECT_REFERENCE
per.31,learner.person.roles,example,fnv1a32:1452303a,DIRECT_CANONICAL_OBJECT_BY_SOURCE_UNIT_ID,fnv1a32:1452303a,PASS_DIRECT_REFERENCE
per.32,learner.person.roles,example,fnv1a32:93c73560,DIRECT_CANONICAL_OBJECT_BY_SOURCE_UNIT_ID,fnv1a32:93c73560,PASS_DIRECT_REFERENCE
per.33,learner.person.roles,example,fnv1a32:edd17213,DIRECT_CANONICAL_OBJECT_BY_SOURCE_UNIT_ID,fnv1a32:edd17213,PASS_DIRECT_REFERENCE
per.34,learner.person.roles,example,fnv1a32:868ec850,DIRECT_CANONICAL_OBJECT_BY_SOURCE_UNIT_ID,fnv1a32:868ec850,PASS_DIRECT_REFERENCE
per.35,learner.person.roles,example,fnv1a32:bfcf5477,DIRECT_CANONICAL_OBJECT_BY_SOURCE_UNIT_ID,fnv1a32:bfcf5477,PASS_DIRECT_REFERENCE
per.36,learner.person.roles,example,fnv1a32:89a808e1,DIRECT_CANONICAL_OBJECT_BY_SOURCE_UNIT_ID,fnv1a32:89a808e1,PASS_DIRECT_REFERENCE
per.37,learner.person.roles,example,fnv1a32:4dcf7b78,DIRECT_CANONICAL_OBJECT_BY_SOURCE_UNIT_ID,fnv1a32:4dcf7b78,PASS_DIRECT_REFERENCE
per.38,learner.person.roles,example,fnv1a32:e29f4ee1,DIRECT_CANONICAL_OBJECT_BY_SOURCE_UNIT_ID,fnv1a32:e29f4ee1,PASS_DIRECT_REFERENCE
per.39,learner.person.roles,example,fnv1a32:60090fac,DIRECT_CANONICAL_OBJECT_BY_SOURCE_UNIT_ID,fnv1a32:60090fac,PASS_DIRECT_REFERENCE
per.40,learner.person.roles,example,fnv1a32:575723fb,DIRECT_CANONICAL_OBJECT_BY_SOURCE_UNIT_ID,fnv1a32:575723fb,PASS_DIRECT_REFERENCE
per.41,learner.person.roles,example,fnv1a32:d9b209d9,DIRECT_CANONICAL_OBJECT_BY_SOURCE_UNIT_ID,fnv1a32:d9b209d9,PASS_DIRECT_REFERENCE
per.42,learner.person.roles,example,fnv1a32:221321d4,DIRECT_CANONICAL_OBJECT_BY_SOURCE_UNIT_ID,fnv1a32:221321d4,PASS_DIRECT_REFERENCE
per.43,learner.person.roles,subheading,fnv1a32:0800f57f,DIRECT_CANONICAL_OBJECT_BY_SOURCE_UNIT_ID,fnv1a32:0800f57f,PASS_DIRECT_REFERENCE
per.44,learner.person.roles,paragraph,fnv1a32:d0834348,DIRECT_CANONICAL_OBJECT_BY_SOURCE_UNIT_ID,fnv1a32:d0834348,PASS_DIRECT_REFERENCE
per.45,learner.person.roles,example,fnv1a32:fc970288,DIRECT_CANONICAL_OBJECT_BY_SOURCE_UNIT_ID,fnv1a32:fc970288,PASS_DIRECT_REFERENCE
per.46,learner.person.roles,example,fnv1a32:6a689a4d,DIRECT_CANONICAL_OBJECT_BY_SOURCE_UNIT_ID,fnv1a32:6a689a4d,PASS_DIRECT_REFERENCE
per.47,learner.person.roles,example,fnv1a32:9ffeb7dc,DIRECT_CANONICAL_OBJECT_BY_SOURCE_UNIT_ID,fnv1a32:9ffeb7dc,PASS_DIRECT_REFERENCE
per.48,learner.person.roles,example,fnv1a32:6c979728,DIRECT_CANONICAL_OBJECT_BY_SOURCE_UNIT_ID,fnv1a32:6c979728,PASS_DIRECT_REFERENCE
per.49,learner.person.roles,example,fnv1a32:7c7e6719,DIRECT_CANONICAL_OBJECT_BY_SOURCE_UNIT_ID,fnv1a32:7c7e6719,PASS_DIRECT_REFERENCE
per.50,learner.person.roles,example,fnv1a32:5c3a7585,DIRECT_CANONICAL_OBJECT_BY_SOURCE_UNIT_ID,fnv1a32:5c3a7585,PASS_DIRECT_REFERENCE
per.51,learner.person.roles,example,fnv1a32:8d1b32a1,DIRECT_CANONICAL_OBJECT_BY_SOURCE_UNIT_ID,fnv1a32:8d1b32a1,PASS_DIRECT_REFERENCE
per.52,learner.person.roles,example,fnv1a32:16a480d3,DIRECT_CANONICAL_OBJECT_BY_SOURCE_UNIT_ID,fnv1a32:16a480d3,PASS_DIRECT_REFERENCE
per.53,learner.person.roles,example,fnv1a32:0bc140d6,DIRECT_CANONICAL_OBJECT_BY_SOURCE_UNIT_ID,fnv1a32:0bc140d6,PASS_DIRECT_REFERENCE
per.54,learner.person.roles,example,fnv1a32:733a9ae7,DIRECT_CANONICAL_OBJECT_BY_SOURCE_UNIT_ID,fnv1a32:733a9ae7,PASS_DIRECT_REFERENCE
per.55,learner.person.roles,warning,fnv1a32:08b432cd,DIRECT_CANONICAL_OBJECT_BY_SOURCE_UNIT_ID,fnv1a32:08b432cd,PASS_DIRECT_REFERENCE
per.55b,learner.person.roles,paragraph,fnv1a32:4c3a1cba,DIRECT_CANONICAL_OBJECT_BY_SOURCE_UNIT_ID,fnv1a32:4c3a1cba,PASS_DIRECT_REFERENCE
per.55c,learner.person.roles,paragraph,fnv1a32:2f2ef6fd,DIRECT_CANONICAL_OBJECT_BY_SOURCE_UNIT_ID,fnv1a32:2f2ef6fd,PASS_DIRECT_REFERENCE
per.55d,learner.person.roles,example,fnv1a32:23c61577,DIRECT_CANONICAL_OBJECT_BY_SOURCE_UNIT_ID,fnv1a32:23c61577,PASS_DIRECT_REFERENCE
per.56,learner.person.roles,subheading,fnv1a32:39c25d30,DIRECT_CANONICAL_OBJECT_BY_SOURCE_UNIT_ID,fnv1a32:39c25d30,PASS_DIRECT_REFERENCE
per.57,learner.person.roles,paragraph,fnv1a32:0a7fef3f,DIRECT_CANONICAL_OBJECT_BY_SOURCE_UNIT_ID,fnv1a32:0a7fef3f,PASS_DIRECT_REFERENCE
per.58,learner.person.roles,example,fnv1a32:de8bb0b7,DIRECT_CANONICAL_OBJECT_BY_SOURCE_UNIT_ID,fnv1a32:de8bb0b7,PASS_DIRECT_REFERENCE
per.59,learner.person.roles,try,fnv1a32:294e89fc,DIRECT_CANONICAL_OBJECT_BY_SOURCE_UNIT_ID,fnv1a32:294e89fc,PASS_DIRECT_REFERENCE
per.60,learner.person.roles,try,fnv1a32:069d36ab,DIRECT_CANONICAL_OBJECT_BY_SOURCE_UNIT_ID,fnv1a32:069d36ab,PASS_DIRECT_REFERENCE
per.63,learner.person.roles,paragraph,fnv1a32:4a0253db,DIRECT_CANONICAL_OBJECT_BY_SOURCE_UNIT_ID,fnv1a32:4a0253db,PASS_DIRECT_REFERENCE
per.64,learner.person.roles,paragraph,fnv1a32:1e0a726b,DIRECT_CANONICAL_OBJECT_BY_SOURCE_UNIT_ID,fnv1a32:1e0a726b,PASS_DIRECT_REFERENCE
per.61,learner.person.roles,list,fnv1a32:c68f42e8,DIRECT_CANONICAL_OBJECT_BY_SOURCE_UNIT_ID,fnv1a32:c68f42e8,PASS_DIRECT_REFERENCE
per.62,learner.person.roles,term,fnv1a32:cb9beb0e,DIRECT_CANONICAL_OBJECT_BY_SOURCE_UNIT_ID,fnv1a32:cb9beb0e,PASS_DIRECT_REFERENCE
ch.1,learner.chains.steps,subheading,fnv1a32:e11df6bc,DIRECT_CANONICAL_OBJECT_BY_SOURCE_UNIT_ID,fnv1a32:e11df6bc,PASS_DIRECT_REFERENCE
ch.2,learner.chains.steps,paragraph,fnv1a32:e7b50e3a,DIRECT_CANONICAL_OBJECT_BY_SOURCE_UNIT_ID,fnv1a32:e7b50e3a,PASS_DIRECT_REFERENCE
ch.3,learner.chains.steps,example,fnv1a32:de775fb6,DIRECT_CANONICAL_OBJECT_BY_SOURCE_UNIT_ID,fnv1a32:de775fb6,PASS_DIRECT_REFERENCE
ch.4,learner.chains.steps,example,fnv1a32:a6ac3cfd,DIRECT_CANONICAL_OBJECT_BY_SOURCE_UNIT_ID,fnv1a32:a6ac3cfd,PASS_DIRECT_REFERENCE
ch.5,learner.chains.steps,example,fnv1a32:ed18ca9b,DIRECT_CANONICAL_OBJECT_BY_SOURCE_UNIT_ID,fnv1a32:ed18ca9b,PASS_DIRECT_REFERENCE
ch.6,learner.chains.steps,paragraph,fnv1a32:bb8bc9f2,DIRECT_CANONICAL_OBJECT_BY_SOURCE_UNIT_ID,fnv1a32:bb8bc9f2,PASS_DIRECT_REFERENCE
ch.7,learner.chains.steps,subheading,fnv1a32:dc8a00d0,DIRECT_CANONICAL_OBJECT_BY_SOURCE_UNIT_ID,fnv1a32:dc8a00d0,PASS_DIRECT_REFERENCE
ch.8,learner.chains.steps,example,fnv1a32:5db7499c,DIRECT_CANONICAL_OBJECT_BY_SOURCE_UNIT_ID,fnv1a32:5db7499c,PASS_DIRECT_REFERENCE
ch.9,learner.chains.steps,example,fnv1a32:5392de65,DIRECT_CANONICAL_OBJECT_BY_SOURCE_UNIT_ID,fnv1a32:5392de65,PASS_DIRECT_REFERENCE
ch.10,learner.chains.steps,example,fnv1a32:bd1daee1,DIRECT_CANONICAL_OBJECT_BY_SOURCE_UNIT_ID,fnv1a32:bd1daee1,PASS_DIRECT_REFERENCE
ch.11,learner.chains.steps,example,fnv1a32:26127d37,DIRECT_CANONICAL_OBJECT_BY_SOURCE_UNIT_ID,fnv1a32:26127d37,PASS_DIRECT_REFERENCE
ch.12,learner.chains.steps,example,fnv1a32:f97efca6,DIRECT_CANONICAL_OBJECT_BY_SOURCE_UNIT_ID,fnv1a32:f97efca6,PASS_DIRECT_REFERENCE
ch.13,learner.chains.steps,example,fnv1a32:bc3a068b,DIRECT_CANONICAL_OBJECT_BY_SOURCE_UNIT_ID,fnv1a32:bc3a068b,PASS_DIRECT_REFERENCE
ch.14,learner.chains.steps,example,fnv1a32:d0897380,DIRECT_CANONICAL_OBJECT_BY_SOURCE_UNIT_ID,fnv1a32:d0897380,PASS_DIRECT_REFERENCE
ch.15,learner.chains.steps,example,fnv1a32:3fd2cb2f,DIRECT_CANONICAL_OBJECT_BY_SOURCE_UNIT_ID,fnv1a32:3fd2cb2f,PASS_DIRECT_REFERENCE
ch.16,learner.chains.steps,subheading,fnv1a32:7aee3af4,DIRECT_CANONICAL_OBJECT_BY_SOURCE_UNIT_ID,fnv1a32:7aee3af4,PASS_DIRECT_REFERENCE
ch.17,learner.chains.steps,paragraph,fnv1a32:8c91bd1a,DIRECT_CANONICAL_OBJECT_BY_SOURCE_UNIT_ID,fnv1a32:8c91bd1a,PASS_DIRECT_REFERENCE
ch.18,learner.chains.steps,example,fnv1a32:fa4bfb9f,DIRECT_CANONICAL_OBJECT_BY_SOURCE_UNIT_ID,fnv1a32:fa4bfb9f,PASS_DIRECT_REFERENCE
ch.19,learner.chains.steps,example,fnv1a32:70a2bebf,DIRECT_CANONICAL_OBJECT_BY_SOURCE_UNIT_ID,fnv1a32:70a2bebf,PASS_DIRECT_REFERENCE
ch.20,learner.chains.steps,example,fnv1a32:85eee129,DIRECT_CANONICAL_OBJECT_BY_SOURCE_UNIT_ID,fnv1a32:85eee129,PASS_DIRECT_REFERENCE
ch.21,learner.chains.steps,example,fnv1a32:ebf59f1a,DIRECT_CANONICAL_OBJECT_BY_SOURCE_UNIT_ID,fnv1a32:ebf59f1a,PASS_DIRECT_REFERENCE
ch.22,learner.chains.steps,example,fnv1a32:d86e0c55,DIRECT_CANONICAL_OBJECT_BY_SOURCE_UNIT_ID,fnv1a32:d86e0c55,PASS_DIRECT_REFERENCE
ch.23,learner.chains.steps,subheading,fnv1a32:d2f39533,DIRECT_CANONICAL_OBJECT_BY_SOURCE_UNIT_ID,fnv1a32:d2f39533,PASS_DIRECT_REFERENCE
ch.24,learner.chains.steps,example,fnv1a32:2bfb326d,DIRECT_CANONICAL_OBJECT_BY_SOURCE_UNIT_ID,fnv1a32:2bfb326d,PASS_DIRECT_REFERENCE
ch.25,learner.chains.steps,example,fnv1a32:69e69273,DIRECT_CANONICAL_OBJECT_BY_SOURCE_UNIT_ID,fnv1a32:69e69273,PASS_DIRECT_REFERENCE
ch.26,learner.chains.steps,example,fnv1a32:57affee5,DIRECT_CANONICAL_OBJECT_BY_SOURCE_UNIT_ID,fnv1a32:57affee5,PASS_DIRECT_REFERENCE
ch.27,learner.chains.steps,example,fnv1a32:fd83f283,DIRECT_CANONICAL_OBJECT_BY_SOURCE_UNIT_ID,fnv1a32:fd83f283,PASS_DIRECT_REFERENCE
ch.28,learner.chains.steps,example,fnv1a32:0d44b1d7,DIRECT_CANONICAL_OBJECT_BY_SOURCE_UNIT_ID,fnv1a32:0d44b1d7,PASS_DIRECT_REFERENCE
ch.29,learner.chains.steps,example,fnv1a32:12f839ff,DIRECT_CANONICAL_OBJECT_BY_SOURCE_UNIT_ID,fnv1a32:12f839ff,PASS_DIRECT_REFERENCE
ch.30,learner.chains.steps,example,fnv1a32:f27e696a,DIRECT_CANONICAL_OBJECT_BY_SOURCE_UNIT_ID,fnv1a32:f27e696a,PASS_DIRECT_REFERENCE
ch.31,learner.chains.steps,example,fnv1a32:ae57e50e,DIRECT_CANONICAL_OBJECT_BY_SOURCE_UNIT_ID,fnv1a32:ae57e50e,PASS_DIRECT_REFERENCE
ch.32,learner.chains.steps,example,fnv1a32:c404500a,DIRECT_CANONICAL_OBJECT_BY_SOURCE_UNIT_ID,fnv1a32:c404500a,PASS_DIRECT_REFERENCE
ch.33,learner.chains.steps,example,fnv1a32:16efecdd,DIRECT_CANONICAL_OBJECT_BY_SOURCE_UNIT_ID,fnv1a32:16efecdd,PASS_DIRECT_REFERENCE
ch.34,learner.chains.steps,example,fnv1a32:21a22564,DIRECT_CANONICAL_OBJECT_BY_SOURCE_UNIT_ID,fnv1a32:21a22564,PASS_DIRECT_REFERENCE
ch.35,learner.chains.steps,example,fnv1a32:e1d84bd8,DIRECT_CANONICAL_OBJECT_BY_SOURCE_UNIT_ID,fnv1a32:e1d84bd8,PASS_DIRECT_REFERENCE
ch.36,learner.chains.steps,example,fnv1a32:cecbb639,DIRECT_CANONICAL_OBJECT_BY_SOURCE_UNIT_ID,fnv1a32:cecbb639,PASS_DIRECT_REFERENCE
ch.37,learner.chains.steps,example,fnv1a32:28edf558,DIRECT_CANONICAL_OBJECT_BY_SOURCE_UNIT_ID,fnv1a32:28edf558,PASS_DIRECT_REFERENCE
ch.38,learner.chains.steps,example,fnv1a32:399f1c00,DIRECT_CANONICAL_OBJECT_BY_SOURCE_UNIT_ID,fnv1a32:399f1c00,PASS_DIRECT_REFERENCE
ch.39,learner.chains.steps,example,fnv1a32:68a7d812,DIRECT_CANONICAL_OBJECT_BY_SOURCE_UNIT_ID,fnv1a32:68a7d812,PASS_DIRECT_REFERENCE
ch.40,learner.chains.steps,example,fnv1a32:4aeb97f9,DIRECT_CANONICAL_OBJECT_BY_SOURCE_UNIT_ID,fnv1a32:4aeb97f9,PASS_DIRECT_REFERENCE
ch.41,learner.chains.steps,try,fnv1a32:31e71154,DIRECT_CANONICAL_OBJECT_BY_SOURCE_UNIT_ID,fnv1a32:31e71154,PASS_DIRECT_REFERENCE
ch.42,learner.chains.steps,warning,fnv1a32:0a3d817b,DIRECT_CANONICAL_OBJECT_BY_SOURCE_UNIT_ID,fnv1a32:0a3d817b,PASS_DIRECT_REFERENCE
ch.44,learner.chains.steps,paragraph,fnv1a32:10737cbc,DIRECT_CANONICAL_OBJECT_BY_SOURCE_UNIT_ID,fnv1a32:10737cbc,PASS_DIRECT_REFERENCE
ch.45,learner.chains.steps,paragraph,fnv1a32:5e420575,DIRECT_CANONICAL_OBJECT_BY_SOURCE_UNIT_ID,fnv1a32:5e420575,PASS_DIRECT_REFERENCE
ch.46,learner.chains.steps,paragraph,fnv1a32:d4620bce,DIRECT_CANONICAL_OBJECT_BY_SOURCE_UNIT_ID,fnv1a32:d4620bce,PASS_DIRECT_REFERENCE
ch.43,learner.chains.steps,list,fnv1a32:900c09c7,DIRECT_CANONICAL_OBJECT_BY_SOURCE_UNIT_ID,fnv1a32:900c09c7,PASS_DIRECT_REFERENCE
vb.1,learner.verbs.steps,subheading,fnv1a32:45caef6d,DIRECT_CANONICAL_OBJECT_BY_SOURCE_UNIT_ID,fnv1a32:45caef6d,PASS_DIRECT_REFERENCE
vb.2,learner.verbs.steps,paragraph,fnv1a32:771f8209,DIRECT_CANONICAL_OBJECT_BY_SOURCE_UNIT_ID,fnv1a32:771f8209,PASS_DIRECT_REFERENCE
vb.3,learner.verbs.steps,example,fnv1a32:886bc2fd,DIRECT_CANONICAL_OBJECT_BY_SOURCE_UNIT_ID,fnv1a32:886bc2fd,PASS_DIRECT_REFERENCE
vb.4,learner.verbs.steps,example,fnv1a32:1d84ca3b,DIRECT_CANONICAL_OBJECT_BY_SOURCE_UNIT_ID,fnv1a32:1d84ca3b,PASS_DIRECT_REFERENCE
vb.5,learner.verbs.steps,example,fnv1a32:12e6c8ae,DIRECT_CANONICAL_OBJECT_BY_SOURCE_UNIT_ID,fnv1a32:12e6c8ae,PASS_DIRECT_REFERENCE
vb.6,learner.verbs.steps,example,fnv1a32:c5bcda8a,DIRECT_CANONICAL_OBJECT_BY_SOURCE_UNIT_ID,fnv1a32:c5bcda8a,PASS_DIRECT_REFERENCE
vb.7,learner.verbs.steps,subheading,fnv1a32:36aba06d,DIRECT_CANONICAL_OBJECT_BY_SOURCE_UNIT_ID,fnv1a32:36aba06d,PASS_DIRECT_REFERENCE
vb.8,learner.verbs.steps,paragraph,fnv1a32:c98afeac,DIRECT_CANONICAL_OBJECT_BY_SOURCE_UNIT_ID,fnv1a32:c98afeac,PASS_DIRECT_REFERENCE
vb.9,learner.verbs.steps,example,fnv1a32:4f8b82a9,DIRECT_CANONICAL_OBJECT_BY_SOURCE_UNIT_ID,fnv1a32:4f8b82a9,PASS_DIRECT_REFERENCE
vb.10,learner.verbs.steps,example,fnv1a32:e44b96eb,DIRECT_CANONICAL_OBJECT_BY_SOURCE_UNIT_ID,fnv1a32:e44b96eb,PASS_DIRECT_REFERENCE
vb.11,learner.verbs.steps,example,fnv1a32:e906d708,DIRECT_CANONICAL_OBJECT_BY_SOURCE_UNIT_ID,fnv1a32:e906d708,PASS_DIRECT_REFERENCE
vb.12,learner.verbs.steps,example,fnv1a32:64d39934,DIRECT_CANONICAL_OBJECT_BY_SOURCE_UNIT_ID,fnv1a32:64d39934,PASS_DIRECT_REFERENCE
vb.13,learner.verbs.steps,example,fnv1a32:0008dfa3,DIRECT_CANONICAL_OBJECT_BY_SOURCE_UNIT_ID,fnv1a32:0008dfa3,PASS_DIRECT_REFERENCE
vb.14,learner.verbs.steps,example,fnv1a32:10c5b653,DIRECT_CANONICAL_OBJECT_BY_SOURCE_UNIT_ID,fnv1a32:10c5b653,PASS_DIRECT_REFERENCE
vb.15,learner.verbs.steps,example,fnv1a32:ef618056,DIRECT_CANONICAL_OBJECT_BY_SOURCE_UNIT_ID,fnv1a32:ef618056,PASS_DIRECT_REFERENCE
vb.16,learner.verbs.steps,example,fnv1a32:96cc4a47,DIRECT_CANONICAL_OBJECT_BY_SOURCE_UNIT_ID,fnv1a32:96cc4a47,PASS_DIRECT_REFERENCE
vb.17,learner.verbs.steps,subheading,fnv1a32:1c5acf96,DIRECT_CANONICAL_OBJECT_BY_SOURCE_UNIT_ID,fnv1a32:1c5acf96,PASS_DIRECT_REFERENCE
vb.18,learner.verbs.steps,paragraph,fnv1a32:a25fb226,DIRECT_CANONICAL_OBJECT_BY_SOURCE_UNIT_ID,fnv1a32:a25fb226,PASS_DIRECT_REFERENCE
vb.19,learner.verbs.steps,example,fnv1a32:d352f129,DIRECT_CANONICAL_OBJECT_BY_SOURCE_UNIT_ID,fnv1a32:d352f129,PASS_DIRECT_REFERENCE
vb.20,learner.verbs.steps,example,fnv1a32:58128816,DIRECT_CANONICAL_OBJECT_BY_SOURCE_UNIT_ID,fnv1a32:58128816,PASS_DIRECT_REFERENCE
vb.21,learner.verbs.steps,example,fnv1a32:890f0cc9,DIRECT_CANONICAL_OBJECT_BY_SOURCE_UNIT_ID,fnv1a32:890f0cc9,PASS_DIRECT_REFERENCE
vb.22,learner.verbs.steps,example,fnv1a32:d8105019,DIRECT_CANONICAL_OBJECT_BY_SOURCE_UNIT_ID,fnv1a32:d8105019,PASS_DIRECT_REFERENCE
vb.23,learner.verbs.steps,example,fnv1a32:8784777a,DIRECT_CANONICAL_OBJECT_BY_SOURCE_UNIT_ID,fnv1a32:8784777a,PASS_DIRECT_REFERENCE
vb.24,learner.verbs.steps,example,fnv1a32:b205fff4,DIRECT_CANONICAL_OBJECT_BY_SOURCE_UNIT_ID,fnv1a32:b205fff4,PASS_DIRECT_REFERENCE
vb.25,learner.verbs.steps,example,fnv1a32:71bea410,DIRECT_CANONICAL_OBJECT_BY_SOURCE_UNIT_ID,fnv1a32:71bea410,PASS_DIRECT_REFERENCE
vb.26,learner.verbs.steps,example,fnv1a32:19baebe9,DIRECT_CANONICAL_OBJECT_BY_SOURCE_UNIT_ID,fnv1a32:19baebe9,PASS_DIRECT_REFERENCE
vb.27,learner.verbs.steps,subheading,fnv1a32:bfcbd93f,DIRECT_CANONICAL_OBJECT_BY_SOURCE_UNIT_ID,fnv1a32:bfcbd93f,PASS_DIRECT_REFERENCE
vb.28,learner.verbs.steps,paragraph,fnv1a32:f6946f33,DIRECT_CANONICAL_OBJECT_BY_SOURCE_UNIT_ID,fnv1a32:f6946f33,PASS_DIRECT_REFERENCE
vb.29,learner.verbs.steps,example,fnv1a32:ac9d5c9f,DIRECT_CANONICAL_OBJECT_BY_SOURCE_UNIT_ID,fnv1a32:ac9d5c9f,PASS_DIRECT_REFERENCE
vb.30,learner.verbs.steps,example,fnv1a32:42459418,DIRECT_CANONICAL_OBJECT_BY_SOURCE_UNIT_ID,fnv1a32:42459418,PASS_DIRECT_REFERENCE
vb.31,learner.verbs.steps,example,fnv1a32:ca96bd51,DIRECT_CANONICAL_OBJECT_BY_SOURCE_UNIT_ID,fnv1a32:ca96bd51,PASS_DIRECT_REFERENCE
vb.32,learner.verbs.steps,example,fnv1a32:0f71ad4d,DIRECT_CANONICAL_OBJECT_BY_SOURCE_UNIT_ID,fnv1a32:0f71ad4d,PASS_DIRECT_REFERENCE
vb.33,learner.verbs.steps,example,fnv1a32:8f486fdf,DIRECT_CANONICAL_OBJECT_BY_SOURCE_UNIT_ID,fnv1a32:8f486fdf,PASS_DIRECT_REFERENCE
vb.34,learner.verbs.steps,example,fnv1a32:5bda3826,DIRECT_CANONICAL_OBJECT_BY_SOURCE_UNIT_ID,fnv1a32:5bda3826,PASS_DIRECT_REFERENCE
vb.35,learner.verbs.steps,example,fnv1a32:626cd5f8,DIRECT_CANONICAL_OBJECT_BY_SOURCE_UNIT_ID,fnv1a32:626cd5f8,PASS_DIRECT_REFERENCE
vb.36,learner.verbs.steps,example,fnv1a32:f5ae85e5,DIRECT_CANONICAL_OBJECT_BY_SOURCE_UNIT_ID,fnv1a32:f5ae85e5,PASS_DIRECT_REFERENCE
vb.37,learner.verbs.steps,example,fnv1a32:edb3238d,DIRECT_CANONICAL_OBJECT_BY_SOURCE_UNIT_ID,fnv1a32:edb3238d,PASS_DIRECT_REFERENCE
vb.38,learner.verbs.steps,example,fnv1a32:3fef0094,DIRECT_CANONICAL_OBJECT_BY_SOURCE_UNIT_ID,fnv1a32:3fef0094,PASS_DIRECT_REFERENCE
vb.39,learner.verbs.steps,subheading,fnv1a32:58e8a9bf,DIRECT_CANONICAL_OBJECT_BY_SOURCE_UNIT_ID,fnv1a32:58e8a9bf,PASS_DIRECT_REFERENCE
vb.40,learner.verbs.steps,paragraph,fnv1a32:98f90df5,DIRECT_CANONICAL_OBJECT_BY_SOURCE_UNIT_ID,fnv1a32:98f90df5,PASS_DIRECT_REFERENCE
vb.41,learner.verbs.steps,example,fnv1a32:d72e859d,DIRECT_CANONICAL_OBJECT_BY_SOURCE_UNIT_ID,fnv1a32:d72e859d,PASS_DIRECT_REFERENCE
vb.42,learner.verbs.steps,example,fnv1a32:7697d8f8,DIRECT_CANONICAL_OBJECT_BY_SOURCE_UNIT_ID,fnv1a32:7697d8f8,PASS_DIRECT_REFERENCE
vb.43,learner.verbs.steps,example,fnv1a32:3e3d6741,DIRECT_CANONICAL_OBJECT_BY_SOURCE_UNIT_ID,fnv1a32:3e3d6741,PASS_DIRECT_REFERENCE
vb.44,learner.verbs.steps,example,fnv1a32:a832ef1f,DIRECT_CANONICAL_OBJECT_BY_SOURCE_UNIT_ID,fnv1a32:a832ef1f,PASS_DIRECT_REFERENCE
vb.45,learner.verbs.steps,example,fnv1a32:5613e3d5,DIRECT_CANONICAL_OBJECT_BY_SOURCE_UNIT_ID,fnv1a32:5613e3d5,PASS_DIRECT_REFERENCE
vb.46,learner.verbs.steps,example,fnv1a32:35e07efb,DIRECT_CANONICAL_OBJECT_BY_SOURCE_UNIT_ID,fnv1a32:35e07efb,PASS_DIRECT_REFERENCE
vb.47,learner.verbs.steps,example,fnv1a32:26fe5866,DIRECT_CANONICAL_OBJECT_BY_SOURCE_UNIT_ID,fnv1a32:26fe5866,PASS_DIRECT_REFERENCE
vb.48,learner.verbs.steps,example,fnv1a32:1a252b86,DIRECT_CANONICAL_OBJECT_BY_SOURCE_UNIT_ID,fnv1a32:1a252b86,PASS_DIRECT_REFERENCE
vb.49,learner.verbs.steps,subheading,fnv1a32:2b7658d8,DIRECT_CANONICAL_OBJECT_BY_SOURCE_UNIT_ID,fnv1a32:2b7658d8,PASS_DIRECT_REFERENCE
vb.50,learner.verbs.steps,paragraph,fnv1a32:7fe1df38,DIRECT_CANONICAL_OBJECT_BY_SOURCE_UNIT_ID,fnv1a32:7fe1df38,PASS_DIRECT_REFERENCE
vb.51,learner.verbs.steps,example,fnv1a32:75f225f0,DIRECT_CANONICAL_OBJECT_BY_SOURCE_UNIT_ID,fnv1a32:75f225f0,PASS_DIRECT_REFERENCE
vb.52,learner.verbs.steps,example,fnv1a32:ac56cd64,DIRECT_CANONICAL_OBJECT_BY_SOURCE_UNIT_ID,fnv1a32:ac56cd64,PASS_DIRECT_REFERENCE
vb.53,learner.verbs.steps,example,fnv1a32:86995b0f,DIRECT_CANONICAL_OBJECT_BY_SOURCE_UNIT_ID,fnv1a32:86995b0f,PASS_DIRECT_REFERENCE
vb.54,learner.verbs.steps,example,fnv1a32:e353590d,DIRECT_CANONICAL_OBJECT_BY_SOURCE_UNIT_ID,fnv1a32:e353590d,PASS_DIRECT_REFERENCE
vb.55,learner.verbs.steps,example,fnv1a32:3c64010a,DIRECT_CANONICAL_OBJECT_BY_SOURCE_UNIT_ID,fnv1a32:3c64010a,PASS_DIRECT_REFERENCE
vb.56,learner.verbs.steps,example,fnv1a32:865558cb,DIRECT_CANONICAL_OBJECT_BY_SOURCE_UNIT_ID,fnv1a32:865558cb,PASS_DIRECT_REFERENCE
vb.57,learner.verbs.steps,warning,fnv1a32:5057c9de,DIRECT_CANONICAL_OBJECT_BY_SOURCE_UNIT_ID,fnv1a32:5057c9de,PASS_DIRECT_REFERENCE
vb.58,learner.verbs.steps,subheading,fnv1a32:3265ecaf,DIRECT_CANONICAL_OBJECT_BY_SOURCE_UNIT_ID,fnv1a32:3265ecaf,PASS_DIRECT_REFERENCE
vb.59,learner.verbs.steps,paragraph,fnv1a32:f6662a4c,DIRECT_CANONICAL_OBJECT_BY_SOURCE_UNIT_ID,fnv1a32:f6662a4c,PASS_DIRECT_REFERENCE
vb.60,learner.verbs.steps,example,fnv1a32:c22e102f,DIRECT_CANONICAL_OBJECT_BY_SOURCE_UNIT_ID,fnv1a32:c22e102f,PASS_DIRECT_REFERENCE
vb.61,learner.verbs.steps,example,fnv1a32:d6fefbd2,DIRECT_CANONICAL_OBJECT_BY_SOURCE_UNIT_ID,fnv1a32:d6fefbd2,PASS_DIRECT_REFERENCE
vb.62,learner.verbs.steps,example,fnv1a32:ef6c2fae,DIRECT_CANONICAL_OBJECT_BY_SOURCE_UNIT_ID,fnv1a32:ef6c2fae,PASS_DIRECT_REFERENCE
vb.63,learner.verbs.steps,example,fnv1a32:d5f9de63,DIRECT_CANONICAL_OBJECT_BY_SOURCE_UNIT_ID,fnv1a32:d5f9de63,PASS_DIRECT_REFERENCE
vb.64,learner.verbs.steps,example,fnv1a32:8dcd8cf7,DIRECT_CANONICAL_OBJECT_BY_SOURCE_UNIT_ID,fnv1a32:8dcd8cf7,PASS_DIRECT_REFERENCE
vb.65,learner.verbs.steps,example,fnv1a32:9d7711ef,DIRECT_CANONICAL_OBJECT_BY_SOURCE_UNIT_ID,fnv1a32:9d7711ef,PASS_DIRECT_REFERENCE
vb.66,learner.verbs.steps,example,fnv1a32:f23f7aa4,DIRECT_CANONICAL_OBJECT_BY_SOURCE_UNIT_ID,fnv1a32:f23f7aa4,PASS_DIRECT_REFERENCE
vb.67,learner.verbs.steps,subheading,fnv1a32:98a7df43,DIRECT_CANONICAL_OBJECT_BY_SOURCE_UNIT_ID,fnv1a32:98a7df43,PASS_DIRECT_REFERENCE
vb.68,learner.verbs.steps,paragraph,fnv1a32:dba78c10,DIRECT_CANONICAL_OBJECT_BY_SOURCE_UNIT_ID,fnv1a32:dba78c10,PASS_DIRECT_REFERENCE
vb.69,learner.verbs.steps,example,fnv1a32:00d8c422,DIRECT_CANONICAL_OBJECT_BY_SOURCE_UNIT_ID,fnv1a32:00d8c422,PASS_DIRECT_REFERENCE
vb.70,learner.verbs.steps,example,fnv1a32:f2558859,DIRECT_CANONICAL_OBJECT_BY_SOURCE_UNIT_ID,fnv1a32:f2558859,PASS_DIRECT_REFERENCE
vb.71,learner.verbs.steps,example,fnv1a32:db9bc298,DIRECT_CANONICAL_OBJECT_BY_SOURCE_UNIT_ID,fnv1a32:db9bc298,PASS_DIRECT_REFERENCE
vb.72,learner.verbs.steps,subheading,fnv1a32:d1675040,DIRECT_CANONICAL_OBJECT_BY_SOURCE_UNIT_ID,fnv1a32:d1675040,PASS_DIRECT_REFERENCE
vb.73,learner.verbs.steps,paragraph,fnv1a32:19e6a7bf,DIRECT_CANONICAL_OBJECT_BY_SOURCE_UNIT_ID,fnv1a32:19e6a7bf,PASS_DIRECT_REFERENCE
vb.74,learner.verbs.steps,example,fnv1a32:33955c23,DIRECT_CANONICAL_OBJECT_BY_SOURCE_UNIT_ID,fnv1a32:33955c23,PASS_DIRECT_REFERENCE
vb.75,learner.verbs.steps,example,fnv1a32:00d990bf,DIRECT_CANONICAL_OBJECT_BY_SOURCE_UNIT_ID,fnv1a32:00d990bf,PASS_DIRECT_REFERENCE
vb.76,learner.verbs.steps,example,fnv1a32:5f3654e4,DIRECT_CANONICAL_OBJECT_BY_SOURCE_UNIT_ID,fnv1a32:5f3654e4,PASS_DIRECT_REFERENCE
vb.77,learner.verbs.steps,example,fnv1a32:e378b3ff,DIRECT_CANONICAL_OBJECT_BY_SOURCE_UNIT_ID,fnv1a32:e378b3ff,PASS_DIRECT_REFERENCE
vb.78,learner.verbs.steps,example,fnv1a32:cd5cb179,DIRECT_CANONICAL_OBJECT_BY_SOURCE_UNIT_ID,fnv1a32:cd5cb179,PASS_DIRECT_REFERENCE
vb.79,learner.verbs.steps,example,fnv1a32:e0879a67,DIRECT_CANONICAL_OBJECT_BY_SOURCE_UNIT_ID,fnv1a32:e0879a67,PASS_DIRECT_REFERENCE
vb.80,learner.verbs.steps,try,fnv1a32:5a0abb78,DIRECT_CANONICAL_OBJECT_BY_SOURCE_UNIT_ID,fnv1a32:5a0abb78,PASS_DIRECT_REFERENCE
vb.81,learner.verbs.steps,warning,fnv1a32:ca4ee503,DIRECT_CANONICAL_OBJECT_BY_SOURCE_UNIT_ID,fnv1a32:ca4ee503,PASS_DIRECT_REFERENCE
vb.83,learner.verbs.steps,paragraph,fnv1a32:c978407a,DIRECT_CANONICAL_OBJECT_BY_SOURCE_UNIT_ID,fnv1a32:c978407a,PASS_DIRECT_REFERENCE
vb.84,learner.verbs.steps,paragraph,fnv1a32:539f817b,DIRECT_CANONICAL_OBJECT_BY_SOURCE_UNIT_ID,fnv1a32:539f817b,PASS_DIRECT_REFERENCE
vb.85,learner.verbs.steps,paragraph,fnv1a32:d4a08fd5,DIRECT_CANONICAL_OBJECT_BY_SOURCE_UNIT_ID,fnv1a32:d4a08fd5,PASS_DIRECT_REFERENCE
vb.82,learner.verbs.steps,list,fnv1a32:333c649e,DIRECT_CANONICAL_OBJECT_BY_SOURCE_UNIT_ID,fnv1a32:333c649e,PASS_DIRECT_REFERENCE
