sourceUnitId,sourceLesson,sourceType,coverageClass,renderTargetCount,renderTargets,status
dat.7,learner.dat.kuda,table,TABLE,1,nav2.4.1:nav2.4.1.src.dat.6,PASS
dat.28,learner.dat.kuda,table,TABLE,1,nav2.4.1:nav2.4.1.src.dat.28,PASS
dat.42,learner.dat.kuda,table,TABLE,1,nav2.4.5:nav2.4.5.src.dat.41,PASS
poss.18,learner.poss.owner,list,STRUCTURED_SCHEME_LIST,1,nav2.3.3:nav2.3.3.src.poss.18,PASS
poss.28,learner.poss.owner,table,TABLE,2,nav2.3.4:nav2.3.4.src.poss.28|nav2.3.5:nav2.3.5.src.poss.28,PASS
poss.60,learner.poss.owner,table,TABLE,1,nav2.6.2:nav2.6.2.src.poss.60,PASS
poss.78,learner.poss.owner,list,STRUCTURED_SCHEME_LIST,2,nav2.3.7:nav2.3.7.src.poss.78|nav2.5.5:nav2.5.5.src.poss.78,PASS
loc.7,learner.loc.where,table,TABLE,1,nav2.4.3:nav2.4.3.src.loc.6,PASS
loc.8,learner.loc.where,table,TABLE,1,nav2.4.3:nav2.4.3.src.loc.8,PASS
loc.15,learner.loc.where,table,TABLE,1,nav2.4.3:nav2.4.3.src.loc.15,PASS
pl.10,learner.pl.several,table,TABLE,2,nav2.2.2:nav2.2.2.src.pl.10|nav2.2.3:nav2.2.3.src.pl.10,PASS
pl.19,learner.pl.several,list,STRUCTURED_SCHEME_LIST,1,nav2.2.4:nav2.2.4.src.pl.19,PASS
nas.3,learner.nasal.senses,table,TABLE,1,nav2.4.5:nav2.4.5.src.nas.3,PASS
nas.10b,learner.nasal.senses,ordered-list,STRUCTURED_SCHEME_LIST,1,nav2.3.6:nav2.3.6.src.nas.10b,PASS
nas.49,learner.nasal.senses,table,TABLE,1,nav2.4.5:nav2.4.5.src.nas.49,PASS
nas.46,learner.nasal.senses,list,STRUCTURED_SCHEME_LIST,1,nav2.4.5:nav2.4.5.src.nas.46,PASS
per.61,learner.person.roles,list,STRUCTURED_SCHEME_LIST,2,nav2.5.5:nav2.5.5.src.per.61|nav2.7.3:nav2.7.3.src.per.61,PASS
ch.43,learner.chains.steps,list,STRUCTURED_SCHEME_LIST,2,nav2.6.1:nav2.6.1.src.ch.43|nav2.6.4:nav2.6.4.src.ch.43,PASS
vb.82,learner.verbs.steps,list,STRUCTURED_SCHEME_LIST,1,nav2.7.10:nav2.7.10.src.vb.82,PASS
