lessonId,lessonNumber,part,lessonTitle,practiceMode,practiceRoutes,routeCount,finalUnaidedKind,fullInputDefault,choicesHiddenDefault,routeValidation,status
nav2.1.1,1.1,1,Основа и окончание: город → города,observation_only,,0,,N/A,N/A,N/A,PASS_OBSERVATION_ONLY
nav2.1.2,1.2,1,Гласные в окончаниях: почему есть разные варианты,unaided_first,free.harmony.vowel_dat:vowel,1,free_practice_full_input,YES,YES,verify_morph_nav2_1to1.cjs: enabled route + non-empty licensed cards,PASS
nav2.2.1,2.1,2,Множественное число: одна книга → несколько книг,unaided_first,free.plural.meaning:several,1,free_practice_full_input,YES,YES,verify_morph_nav2_1to1.cjs: enabled route + non-empty licensed cards,PASS
nav2.2.2,2.2,2,Окончания -лар и -лер: как выбрать,unaided_first,free.plural.vowel:vowel|free.plural.group_vowel:vowel|free.plural.group_yw:glide|free.plural.group_r:r,4,free_practice_full_input,YES,YES,verify_morph_nav2_1to1.cjs: enabled route + non-empty licensed cards,PASS
nav2.2.3,2.3,2,"Окончания -дар, -дер, -тар, -тер: как выбрать",unaided_first,free.plural.vowel:vowel|free.plural.group_l:l|free.plural.group_nasal:nasal|free.plural.group_z:z|free.plural.group_voiceless:voiceless,5,free_practice_full_input,YES,YES,verify_morph_nav2_1to1.cjs: enabled route + non-empty licensed cards,PASS
nav2.2.4,2.4,2,Множественное число: выбираем форму в примере,unaided_first,free.plural.compare:compare,1,free_practice_full_input,YES,YES,verify_morph_nav2_1to1.cjs: enabled route + non-empty licensed cards,PASS
nav2.3.1,3.1,3,Моя книга: окончание принадлежности,unaided_first,free.poss.my:full,1,free_practice_full_input,YES,YES,verify_morph_nav2_1to1.cjs: enabled route + non-empty licensed cards,PASS
nav2.3.2,3.2,3,Твоя книга: обращаемся на «ты»,unaided_first,free.poss.your:full,1,free_practice_full_input,YES,YES,verify_morph_nav2_1to1.cjs: enabled route + non-empty licensed cards,PASS
nav2.3.3,3.3,3,Его или её книга: одно окончание,unaided_first,free.poss.third:full,1,free_practice_full_input,YES,YES,verify_morph_nav2_1to1.cjs: enabled route + non-empty licensed cards,PASS
nav2.3.4,3.4,3,Наша книга: несколько владельцев,unaided_first,free.poss.our:full,1,free_practice_full_input,YES,YES,verify_morph_nav2_1to1.cjs: enabled route + non-empty licensed cards,PASS
nav2.3.5,3.5,3,Ваша книга: вежливое обращение,unaided_first,free.poss.polite:full,1,free_practice_full_input,YES,YES,verify_morph_nav2_1to1.cjs: enabled route + non-empty licensed cards,PASS
nav2.3.6,3.6,3,Книга ребёнка: родительный падеж и принадлежность,unaided_first,free.nasal.gen:full,1,free_practice_full_input,YES,YES,verify_morph_nav2_1to1.cjs: enabled route + non-empty licensed cards,PASS
nav2.3.7,3.7,3,Принадлежность: когда меняется основа слова,unaided_first,free.poss.stem:ending|free.poss.stem:inner|free.poss.compare:owners,3,free_practice_full_input,YES,YES,verify_morph_nav2_1to1.cjs: enabled route + non-empty licensed cards,PASS
nav2.4.1,4.1,4,Дательный падеж: идём в школу,unaided_first,free.harmony.meaning_dat:direction|free.harmony.vowel_dat:vowel|free.voice.dat_onset:onset|free.voice.dat_build:full|free.harmony.limits:limits,5,free_practice_full_input,YES,YES,verify_morph_nav2_1to1.cjs: enabled route + non-empty licensed cards,PASS
nav2.4.2,4.2,4,Дательный падеж: даём книгу ребёнку,unaided_first,free.harmony.meaning_dat:addressee,1,free_practice_full_input,YES,YES,verify_morph_nav2_1to1.cjs: enabled route + non-empty licensed cards,PASS
nav2.4.3,4.3,4,Местный падеж: находимся в школе,unaided_first,free.harmony.meaning_loc:place|free.harmony.vowel_loc:vowel|free.voice.loc_onset:onset|free.voice.loc_build:full,4,free_practice_full_input,YES,YES,verify_morph_nav2_1to1.cjs: enabled route + non-empty licensed cards,PASS
nav2.4.4,4.4,4,Исходный падеж: выходим из школы,unaided_first,free.nasal.abl:full,1,free_practice_full_input,YES,YES,verify_morph_nav2_1to1.cjs: enabled route + non-empty licensed cards,PASS
nav2.4.5,4.5,4,"Три значения: в школу, в школе, из школы",unaided_first,free.voice.direction_place:meaning|free.voice.direction_place:three|free.nasal.groups:groups|free.nasal.contrast:contrast,4,free_practice_full_input,YES,YES,verify_morph_nav2_1to1.cjs: enabled route + non-empty licensed cards,PASS
nav2.4.6,4.6,4,Винительный падеж: читаем эту книгу,unaided_first,free.nasal.acc:full,1,free_practice_full_input,YES,YES,verify_morph_nav2_1to1.cjs: enabled route + non-empty licensed cards,PASS
nav2.4.7,4.7,4,Совместно-инструментальный падеж: вместе с другом,unaided_first,free.nasal.ins_with:with,1,free_practice_full_input,YES,YES,verify_morph_nav2_1to1.cjs: enabled route + non-empty licensed cards,PASS
nav2.4.8,4.8,4,Совместно-инструментальный падеж: пишем ручкой,unaided_first,free.nasal.ins_tool:tool,1,free_practice_full_input,YES,YES,verify_morph_nav2_1to1.cjs: enabled route + non-empty licensed cards,PASS
nav2.5.1,5.1,5,"Личные окончания: я учитель, мы учителя",unaided_first,free.person.i_we:i|free.person.i_we:we,2,free_practice_full_input,YES,YES,verify_morph_nav2_1to1.cjs: enabled route + non-empty licensed cards,PASS
nav2.5.2,5.2,5,"Личные окончания: ты учитель, Вы учитель",unaided_first,free.person.you:you,1,free_practice_full_input,YES,YES,verify_morph_nav2_1to1.cjs: enabled route + non-empty licensed cards,PASS
nav2.5.3,5.3,5,Личные окончания: обращаемся к нескольким людям,unaided_first,free.person.you_many:many,1,free_practice_full_input,YES,YES,verify_morph_nav2_1to1.cjs: enabled route + non-empty licensed cards,PASS
nav2.5.4,5.4,5,Вопрос: ты учитель?,unaided_first,free.person.question:question,1,free_practice_full_input,YES,YES,verify_morph_nav2_1to1.cjs: enabled route + non-empty licensed cards,PASS
nav2.5.5,5.5,5,Сравнение: мой учитель и я учитель,unaided_first,free.person.compare:compare|free.poss.compare:owners,2,free_practice_full_input,YES,YES,verify_morph_nav2_1to1.cjs: enabled route + non-empty licensed cards,PASS
nav2.6.1,6.1,6,Множественное число и принадлежность: наши города,unaided_first,free.chains.plural_poss:plural|free.chains.full:full,2,free_practice_full_input,YES,YES,verify_morph_nav2_1to1.cjs: enabled route + non-empty licensed cards,PASS
nav2.6.2,6.2,6,Дательный падеж после принадлежности: к моему дому,unaided_first,free.chains.poss_dat:dat,1,free_practice_full_input,YES,YES,verify_morph_nav2_1to1.cjs: enabled route + non-empty licensed cards,PASS
nav2.6.3,6.3,6,"Падежи после «его» или «её»: в его доме, из его дома",unaided_first,free.chains.third_acc:acc|free.chains.third_loc:loc|free.chains.third_abl:abl,3,free_practice_full_input,YES,YES,verify_morph_nav2_1to1.cjs: enabled route + non-empty licensed cards,PASS
nav2.6.4,6.4,6,"Собираем слово: количество, владелец, падеж",unaided_first,free.chains.full:full|free.chains.plural_poss:plural,2,free_practice_full_input,YES,YES,verify_morph_nav2_1to1.cjs: enabled route + non-empty licensed cards,PASS
nav2.7.1,7.1,7,Основа глагола: от какого слова строим форму,unaided_first,free.verbs.stem:stem,1,free_practice_full_input,YES,YES,verify_morph_nav2_1to1.cjs: enabled route + non-empty licensed cards,PASS
nav2.7.2,7.2,7,Прошедшее время: действие уже произошло,unaided_first,free.verbs.past:past,1,free_practice_full_input,YES,YES,verify_morph_nav2_1to1.cjs: enabled route + non-empty licensed cards,PASS
nav2.7.3,7.3,7,Отрицание действия: не пришёл,unaided_first,free.verbs.negative:neg,1,free_practice_full_input,YES,YES,verify_morph_nav2_1to1.cjs: enabled route + non-empty licensed cards,PASS
nav2.7.4,7.4,7,"Окончания лица у глагола: я, мы, ты, Вы",unaided_first,free.verbs.short_person:person,1,free_practice_full_input,YES,YES,verify_morph_nav2_1to1.cjs: enabled route + non-empty licensed cards,PASS
nav2.7.5,7.5,7,Условие: если придёт,unaided_first,free.verbs.condition:cond,1,free_practice_full_input,YES,YES,verify_morph_nav2_1to1.cjs: enabled route + non-empty licensed cards,PASS
nav2.7.6,7.6,7,"Причастие: человек, который пришёл",unaided_first,free.verbs.participle:ptcp,1,free_practice_full_input,YES,YES,verify_morph_nav2_1to1.cjs: enabled route + non-empty licensed cards,PASS
nav2.7.7,7.7,7,Причастие вместо названия человека или предмета,unaided_first,free.verbs.participle:ptcp,1,free_practice_full_input,YES,YES,verify_morph_nav2_1to1.cjs: enabled route + non-empty licensed cards,PASS
nav2.7.8,7.8,7,"Деепричастие: сначала одно действие, затем другое",unaided_first,free.verbs.connected:cvb,1,free_practice_full_input,YES,YES,verify_morph_nav2_1to1.cjs: enabled route + non-empty licensed cards,PASS
nav2.7.9,7.9,7,Деепричастие: как выполняется действие,unaided_first,free.verbs.connected:cvb,1,free_practice_full_input,YES,YES,verify_morph_nav2_1to1.cjs: enabled route + non-empty licensed cards,PASS
nav2.7.10,7.10,7,Формы глагола: соединяем изученное,unaided_first,free.verbs.combined:combined,1,free_practice_full_input,YES,YES,verify_morph_nav2_1to1.cjs: enabled route + non-empty licensed cards,PASS
